url,local_filename
https://pk-live-21.slatic.net/kf/S2e8004467e04426991a393a281fd74d7p.jpg,496335818-1-1df0f6c5.jpg
https://pk-live-21.slatic.net/kf/Sa525ebea8a14405fa4d00d18492a1efcn.jpg,496335818-2-05ba3371.jpg
https://pk-live-21.slatic.net/kf/S0521a618fa8d4b02a91316730a8ff910M.jpg,496335818-3-76ab3ce2.jpg
https://pk-live-21.slatic.net/kf/S6ab7823d15064a878a4ef717f750ea26O.jpg,496335818-4-80b32731.jpg
https://pk-live-21.slatic.net/kf/Se0898c52878547ce9ad726e2159ddd83c.jpg,496335818-5-55f263e0.jpg
https://pk-live-21.slatic.net/kf/Sb848d569ad1a4fdf88b3608dda8fdeefo.jpg,496335818-6-a77718c0.jpg
https://pk-live-21.slatic.net/kf/S163ee2756af147ac9b7da3790b54b834s.jpg,496335818-7-c08324ac.jpg
https://pk-live-21.slatic.net/kf/See1d7b1140264145910bfb2c33d95715N.jpg,496335818-desc1-7506059d.jpg
https://pk-live-21.slatic.net/kf/Sb430ba83dce4415791fef8df01384dc4F.jpg,496335818-desc2-7851b1d6.jpg
https://pk-live-21.slatic.net/kf/Sdef25def64fd44a1809345ed1c611ec6P.jpg,496370954-1-39f19931.jpg
https://pk-live-21.slatic.net/kf/S5a8b9ef02fa7446ca745c1e889254ee1n.jpg,496370954-2-6afc46f0.jpg
https://pk-live-21.slatic.net/kf/S4792cc8b6ad34b268127f23d1eb45e22A.jpg,496370954-3-1896f157.jpg
https://pk-live-21.slatic.net/kf/S29ae3ccc407a4e8fb01644f9b99f20b8i.jpg,496370954-4-da06827d.jpg
https://pk-live-21.slatic.net/kf/S5187ac75fac24292af2a180512bdc9a7h.jpg,496370954-5-d5093836.jpg
https://pk-live-21.slatic.net/kf/S7ea7266d3e2743dd83d211dc3b683c28q.jpg,496370954-6-e9d269b5.jpg
https://pk-live-21.slatic.net/kf/Sfedaf69325bc4c3880c118b7f9085b54A.jpg,496370954-7-0aa2c084.jpg
https://pk-live-21.slatic.net/kf/Sacf7f071030749b58172e9ee81aa8235Z.jpg,496370954-8-c4f058c1.jpg
https://static-01.daraz.pk/p/174e3eec8553769b298a586ee41bef9e.jpg,496370954-wb-2221d49f.jpg
https://pk-live-21.slatic.net/kf/S10eb35e848ac4b3ea5940b944bdec696g.jpg,496370954-desc1-85994882.jpg
https://pk-live-21.slatic.net/kf/S7372f001e7a24e948d384df6c80f3c09Q.jpg,496370954-desc2-205c9a69.jpg
https://pk-live-21.slatic.net/kf/S42dad9dd2c6142318ebd3e09613812f8A.jpg,496370954-desc3-7e5ba801.jpg
https://pk-live-21.slatic.net/kf/S6b2af1d35a06430a807760ef4d844b05o.jpg,496370954-desc4-70653053.jpg
https://pk-live-21.slatic.net/kf/S5833abbbe88246a7a341e19e56f9f1a3u.jpg,496481164-1-ff9d62b0.jpg
https://pk-live-21.slatic.net/kf/Sff5a1bb1e65f418e99f12d67fb7806cbF.jpg,496481164-2-3c647c42.jpg
https://pk-live-21.slatic.net/kf/S58fc1a005e5b4462b6eb7c2afd64664aU.jpg,496481164-3-d5545437.jpg
https://pk-live-21.slatic.net/kf/S437ab24604234243bd5e0d611803762fh.jpg,496481164-4-4917bca1.jpg
https://pk-live-21.slatic.net/kf/S9de7461d5a974cfe8515c223cf1c2198N.jpg,496481164-5-5d3ed38d.jpg
https://pk-live-21.slatic.net/kf/S30e705fa8c104fbc82a27d5f16194e47X.jpg,496481164-6-49f2e0a5.jpg
https://pk-live-21.slatic.net/kf/S4f8f1ec37f5a416e879a6a9dba501a04e.jpg,496481164-7-621a94d7.jpg
https://pk-live-21.slatic.net/kf/S2a2c5ef5e2e249818614f1c69577598dv.jpg,496481164-8-2e87a082.jpg
https://static-01.daraz.pk/p/69ea55c05fc179a7adcc2094dbf84961.jpg,496481164-wb-5d8fe153.jpg
https://pk-live-21.slatic.net/kf/S20627aeaa5d44270b83cb65380019e9ap.jpg,496481164-desc2-d2136a8d.jpg
https://pk-live-21.slatic.net/kf/S8853b76518b046d3ace39b65ab85c0c1o.jpg,496481164-desc3-a8356d90.jpg
https://pk-live-21.slatic.net/kf/S7b5fd938299140e6a4690f0177e318c1x.jpg,496481687-1-90afd6a2.jpg
https://pk-live-21.slatic.net/kf/S93a30bd7a3a64bfa95cc4c38070a0ecd9.jpg,496481687-2-42135804.jpg
https://pk-live-21.slatic.net/kf/Sc0d6654d2f0c4fb1b583adeb5b41199cL.jpg,496481687-3-58ff26fc.jpg
https://pk-live-21.slatic.net/kf/S3c67b9f86f904fb7880fc6cf788fe4f1M.jpg,496481687-4-49fcfb47.jpg
https://pk-live-21.slatic.net/kf/S4bbbac9b10dd49e7b99d8307a5aff671L.jpg,496481687-5-91dd6f9b.jpg
https://pk-live-21.slatic.net/kf/S79701d94649a497a8dbf224d7d56dc95H.jpg,496481687-6-6685e7a1.jpg
https://pk-live-21.slatic.net/kf/S8f5731a1e5d84b45baaeb58c54d8764fb.jpg,496481687-7-7535920b.jpg
https://pk-live-21.slatic.net/kf/S3edda74481164a69bd201cf7f16cfd18F.jpg,496481687-8-7f862925.jpg
https://static-01.daraz.pk/p/f7ef8ad8b22576333f320bf272e3b97f.jpg,496481687-desc1-e805ffd2.jpg
https://pk-live-21.slatic.net/kf/Sd32ad4a697224620879fc8396bd0ed34Q.jpg,496481687-desc2-142e33ba.jpg
https://pk-live-21.slatic.net/kf/S24c250a9e63043c1bc76f0fa48599297G.jpg,496486369-1-5934b73d.jpg
https://pk-live-21.slatic.net/kf/S4c71edad463b4b7a8db9c875df60712dS.jpg,496486369-2-9a068711.jpg
https://pk-live-21.slatic.net/kf/Sac0ab4b6fdfe4bbc89695e4ff0c12ac5O.jpg,496486369-3-4bca2197.jpg
https://pk-live-21.slatic.net/kf/S0126ed6b79e24ae2b468126fa56851ean.jpg,496486369-4-f8d2efdb.jpg
https://pk-live-21.slatic.net/kf/S34102c9e80c54f70ac4de792fff4a14cD.jpg,496486369-5-43400548.jpg
https://pk-live-21.slatic.net/kf/Sf33283df1c014cfcb8a406dd055b18c40.jpg,496486369-6-fe9d00bf.jpg
https://pk-live-21.slatic.net/kf/S747e1ca37ed94dbe83e4611e65126c6bw.jpg,496486369-7-25cef779.jpg
https://pk-live-21.slatic.net/kf/S8dfa73832c7b4dd48c3eeabdaea046fbQ.jpg,496492353-1-adbdb123.jpg
https://pk-live-21.slatic.net/kf/S02b400f2d5934119bd3d15e71dd006b39.jpg,496492353-2-71899f14.jpg
https://pk-live-21.slatic.net/kf/Sb81a593f37794e60a6593b192c7c32e5k.jpg,496492353-3-de4e3b5e.jpg
https://pk-live-21.slatic.net/kf/S97d44333ac4b40268b8bd5ba14e23566W.jpg,496492353-4-1e871f9c.jpg
https://pk-live-21.slatic.net/kf/Saa38c2592f444348b2694098a12c96c0b.jpg,496492353-5-bc0c8b8c.jpg
https://pk-live-21.slatic.net/kf/Sfce4409beff444bf9322a6ab3269173df.jpg,496492353-6-e1f71bc9.jpg
https://pk-live-21.slatic.net/kf/S54c2ea1cbfc4411b90d6e022318a65a2O.jpg,496492353-7-0a6dd9f6.jpg
https://pk-live-21.slatic.net/kf/S98920ee9568b449189c230282ec8dc79N.jpg,496492353-desc1-1ef155f0.jpg
https://pk-live-21.slatic.net/kf/S531009e33bda4d7abb1d81b3b43d6a58N.jpg,496492353-desc2-4876ea8e.jpg
https://pk-live-21.slatic.net/kf/Sf12af6d64f7f42368fcc1cb22740d23d4.jpg,496492353-desc3-6baf49ee.jpg
https://pk-live-21.slatic.net/kf/S563ea178e0884caab63e77aea595a40ce.jpg,496513362-1-524736ee.jpg
https://pk-live-21.slatic.net/kf/Sbb66f0e8f1e344d29abe57ec424c8412G.jpg,496513362-2-6cbc26f3.jpg
https://pk-live-21.slatic.net/kf/S09a9918ed3844031a8391950c5c07006W.jpg,496513362-3-5088c405.jpg
https://pk-live-21.slatic.net/kf/S6fd8ed8de3e64ceb819e590fa24830fcS.jpg,496513362-4-6b73f3ba.jpg
https://pk-live-21.slatic.net/kf/S7e668272e0eb43d08ef8e620e93a0e697.jpg,496513362-5-5a9160d4.jpg
https://pk-live-21.slatic.net/kf/Sa313a8cccb9c4331a6feea50b07b1bc2R.jpg,496513362-6-c00bccf6.jpg
https://pk-live-21.slatic.net/kf/Sc51b9448b6024416a005e9ef9574e541b.jpg,496513362-7-f301b837.jpg
https://static-01.daraz.pk/p/3bf4c998983d25e82fedb340cd3a16b5.jpg,496513362-wb-826612d4.jpg
https://pk-live-21.slatic.net/kf/Secb7f350cd8348999e9c91e1f9ac6028N.jpg,496513362-desc1-8c0a7d7f.jpg
https://pk-live-21.slatic.net/kf/S60e7b76da018421f97e0dc4a69a2674dr.jpg,496522548-1-13ec5a91.jpg
https://pk-live-21.slatic.net/kf/Sed17eda91e684ec79270df771aa8ecdbB.jpg,496522548-2-8909364e.jpg
https://pk-live-21.slatic.net/kf/S27629242860a41328517f3b8137f960bT.jpg,496522548-3-7fcab5b2.jpg
https://pk-live-21.slatic.net/kf/Sede85c1fbe8b46cabe8fec37e138a55bG.jpg,496522548-4-158ea720.jpg
https://pk-live-21.slatic.net/kf/Sb2850f998ae74426b3f6ad975d64be1bq.jpg,496522548-5-21ad01e7.jpg
https://pk-live-21.slatic.net/kf/Sea3c88560d2f4a5ca9929bdc91785152M.jpg,496522548-6-bf93695b.jpg
https://pk-live-21.slatic.net/kf/S08c28c696136462386bdec5f78a89d5ci.jpg,496522548-desc1-b3b34891.jpg
https://pk-live-21.slatic.net/kf/S3489726d44e94f3286fcb108c7169bb5l.jpg,496522548-desc2-928b5ac6.jpg
https://pk-live-21.slatic.net/kf/S4c9161410a824a699d1cec54854c389aG.jpg,496532243-1-75c99f34.jpg
https://pk-live-21.slatic.net/kf/Sb1a73bcca43745d0bceab6a8bcdf65d5K.jpg,496532243-2-9cb71709.jpg
https://pk-live-21.slatic.net/kf/S2491611fa27b4930a92123cfe8c7ce61W.jpg,496532243-3-47a18457.jpg
https://pk-live-21.slatic.net/kf/Sf77d989f65074b7b9f902ed9f14968beb.jpg,496532243-4-b17f895a.jpg
https://pk-live-21.slatic.net/kf/S204658f091254ea8b8b58af90f8dc22cC.jpg,496532243-5-5212261b.jpg
https://pk-live-21.slatic.net/kf/S8e83c65f78d4442a9ed2398bb6a57be6L.jpg,496532243-6-1fec2f49.jpg
https://static-01.daraz.pk/p/adb8e5f1f6c2f2cddeab1bea8580deb2.jpg,496532243-wb-cdc46334.jpg
https://pk-live-21.slatic.net/kf/S644b86423762458597e2ed52fa164e55N.jpg,496570865-1-b144eaf0.jpg
https://pk-live-21.slatic.net/kf/S5da30f6897dd46bdbc0b6c4660e4c26c1.jpg,496570865-2-b16b874e.jpg
https://pk-live-21.slatic.net/kf/Sb09d1e73fa4042b495c3ecdd4f7f88adL.jpg,496570865-3-16c6078b.jpg
https://pk-live-21.slatic.net/kf/Sa2576108c8f74640ba4dfeb053a94f49s.jpg,496570865-4-287da726.jpg
https://pk-live-21.slatic.net/kf/S2731c594e5fd4f5c84fc9f611799b3a8T.jpg,496570865-5-298d510b.jpg
https://pk-live-21.slatic.net/kf/Sc627a830f5ee4c33a19c66b13b9d0812x.jpg,496570865-6-b10157ea.jpg
https://pk-live-21.slatic.net/kf/Sbaa4e808dca64f17b64ba21ab20fefb7O.jpg,496570865-7-475b6560.jpg
https://static-01.daraz.pk/p/7c2473d9d978e1cae96c6323885c88a9.jpg,496570865-wb-4e491c67.jpg
https://pk-live-21.slatic.net/kf/Sb3c95fd39754430b9f27f2d82b1bb9e8p.jpg,496570865-desc1-75eb09e8.jpg
https://pk-live-21.slatic.net/kf/Sc064ddf4c28c466b845c9062d8f2a37dy.jpg,496570865-desc3-51736dc0.jpg
https://pk-live-21.slatic.net/kf/S5fc075366ecd4d46b8dc12a3d0516483X.jpg,496570865-desc4-b376700e.jpg
https://pk-live-21.slatic.net/kf/Sd27bf6a9aec74d25aa46e77a6c819698x.jpg,496571548-1-91d7e807.jpg
https://pk-live-21.slatic.net/kf/S737ac8ecb3714ff395501c15c802e37fr.jpg,496571548-2-5f944732.jpg
https://pk-live-21.slatic.net/kf/S5a31927f56fb4cd9bce30fba6d8155e5S.jpg,496571548-3-9e1eacbc.jpg
https://pk-live-21.slatic.net/kf/S892646acef054e7e92b766d436f3543cG.jpg,496571548-4-5a26ab1b.jpg
https://pk-live-21.slatic.net/kf/S89d9028ff8604c4a896b1d92aaebe2efg.jpg,496571548-5-f271b285.jpg
https://pk-live-21.slatic.net/kf/S0b9f13a59ef34af0b355c95d6615eccdO.jpg,496571548-6-40661eee.jpg
https://pk-live-21.slatic.net/kf/Sd0b6b7693fdf48a3949d93fd541ef022p.jpg,496571548-desc1-48f03072.jpg
https://pk-live-21.slatic.net/kf/S603921abbc474368bba649b490317e70P.jpg,496571548-desc2-39d747a8.jpg
https://pk-live-21.slatic.net/kf/S2e145445a649408d8664661357dd2c2fs.jpg,496571548-desc3-3b99682a.jpg
https://pk-live-21.slatic.net/kf/S8812971e97384a79846a5880bc1041899.jpg,496607557-1-594d4409.jpg
https://pk-live-21.slatic.net/kf/S7e772f5dfb5c43718f2e78e184bdca8cj.jpg,496607557-2-605b48c4.jpg
https://pk-live-21.slatic.net/kf/Sd7ab8a5b39e34ce4b06ec105f415d9b80.jpg,496607557-3-58627d29.jpg
https://pk-live-21.slatic.net/kf/S9bb61c1bbedc42e7947bd0a6666a7040T.jpg,496607557-4-c9e2945b.jpg
https://pk-live-21.slatic.net/kf/Sdc5cf618718e400f8c6c978a438d00944.jpg,496609174-1-12213c2d.jpg
https://pk-live-21.slatic.net/kf/S134f0764875041eba2429b1b2150af9dN.jpg,496609174-2-caedf8a2.jpg
https://pk-live-21.slatic.net/kf/S71df9bb936884de3a5201bc10cbbef25M.jpg,496609174-3-dd76ff72.jpg
https://pk-live-21.slatic.net/kf/S63d84bc78b2547559a9929d9f4ca2a87J.jpg,496609174-4-349a6258.jpg
https://pk-live-21.slatic.net/kf/S1b03a28ac89145d887af3a1fc69702dcc.jpg,496609174-5-413fbf94.jpg
https://pk-live-21.slatic.net/kf/S211e6334d38048ffa2f6c729704d5499x.jpg,496609174-6-e89d9609.jpg
https://pk-live-21.slatic.net/kf/Sa33e4dc1b08044159ea13d669b1cfbcds.jpg,496609174-7-ecf8519b.jpg
https://pk-live-21.slatic.net/kf/Sac022efa21e34fe188d230ea82c78f934.jpg,496609174-8-52b17e26.jpg
https://static-01.daraz.pk/p/3321407739bc1f659ec8b12a5c580e7c.jpg,496609174-wb-bbfa1cc6.jpg
https://pk-live-21.slatic.net/kf/Sc86e328e7e2b49df87c238a802910c23R.jpg,496609174-desc1-62638c9d.jpg
https://pk-live-21.slatic.net/kf/S481dc7c75274497c9db7393922817dfdz.jpg,496609174-desc2-441db678.jpg
https://pk-live-21.slatic.net/kf/S137d25a4ec154d39980e11e1a58c2125Z.jpg,496611345-1-e3adad09.jpg
https://static-01.daraz.pk/p/5f15516fb894ccd64e0e194ae08757f6.jpg,496611345-desc1-77a6ce4d.jpg
https://pk-live-21.slatic.net/kf/S3fe70a29c38e4ab49e08cd3be9cb19664.jpg,496934848-1-9776aa7a.jpg
https://pk-live-21.slatic.net/kf/S0677bff7f64241ad95511108d82ec322U.jpg,496934848-2-46aeb0ad.jpg
https://pk-live-21.slatic.net/kf/S21348ed509144da38e0a7a4d08f27b39K.jpg,496934848-3-5b350ac0.jpg
https://pk-live-21.slatic.net/kf/S4db89036301647739f1a9a8a74db4bd1Y.jpg,496934848-4-d448b47d.jpg
https://pk-live-21.slatic.net/kf/S0a24929171cd4015a72721702824179eL.jpg,496934848-5-35639b65.jpg
https://pk-live-21.slatic.net/kf/Se6ec4d6cb3e142e78ad2b2808f782df7D.jpg,496934848-6-c3b3ee34.jpg
https://pk-live-21.slatic.net/kf/S957f4d5a715948cd814cc2e03734c864b.jpg,496934848-desc1-287783f1.jpg
https://pk-live-21.slatic.net/kf/S4f364cfebc434e5494d3bc615188f46en.jpg,496934848-desc2-173bc6fd.jpg
https://pk-live-21.slatic.net/kf/S1b098b92a01340b09f9b400d8d278123T.jpg,497073803-1-2ea4959c.jpg
https://pk-live-21.slatic.net/kf/Sb96eb717df774ab0a578b4a7e51b3736y.jpg,497073803-2-5990f79c.jpg
https://pk-live-21.slatic.net/kf/S343db96777d244c8aea47dbf5719035cL.jpg,497073803-3-dbf0e71b.jpg
https://static-01.daraz.pk/p/d8e9126c386cde35ca303301977b7f1e.jpg,497073803-4-44df96a2.jpg
https://pk-live-21.slatic.net/kf/S150a97c10b9545d6b78c9f20f9e75eadm.jpg,497073803-5-6e0e2ecf.jpg
https://pk-live-21.slatic.net/kf/Sd549e6d2f23049b9b50c7cd9adb5e5efZ.jpg,497073803-6-480f18cf.jpg
https://pk-live-21.slatic.net/kf/Sc0485649c0c64a37a3cb21181ad380881.jpg,497073803-7-736e86bd.jpg
https://pk-live-21.slatic.net/kf/S6545aa1632cc4219ab87832489bc1e50Q.jpg,497073803-8-f779c6bf.jpg
https://static-01.daraz.pk/p/93bebd67e6e44924a314287c70111d38.jpg,497073803-wb-b6bd2e2d.jpg
https://pk-live-21.slatic.net/kf/Sce3c2b3804324eacbc1c5baff683c5d0G.jpg,497073803-desc1-7e6638c3.jpg
https://static-01.daraz.pk/p/1f32010832d109a36c558aaaa22c8464.jpg,497073803-desc2-66be25cc.jpg
https://pk-live-21.slatic.net/kf/S56f996f2923f4565b20430de96b29af3c.jpg,500771725-1-a3c1e1bc.jpg
https://pk-live-21.slatic.net/kf/S5d3f2ea33abc42e29b344cacf59d39931.jpg,500775477-1-d779cc0c.jpg
https://pk-live-21.slatic.net/kf/S319433714be3404fb5cab53273203b28P.jpg,500775477-2-3f0c6412.jpg
https://pk-live-21.slatic.net/kf/S222c6fd34db14cb4b5f709d1b5312942d.jpg,500775477-3-cdb9b96b.jpg
https://pk-live-21.slatic.net/kf/S5467e80f72654987bb910f0d878b71c9t.jpg,500775477-4-ad6c431f.jpg
https://pk-live-21.slatic.net/kf/Sc4f2cb90b71548419cfeb7c6d6d84fd2D.jpg,500775477-desc1-b2640438.jpg
https://pk-live-21.slatic.net/kf/Sec3553bccfc446e89849ee26928506edM.jpg,500775477-desc2-16e17d90.jpg
https://pk-live-21.slatic.net/kf/Sfb4441b168c745ef82b50fc271b9c92b9.jpg,500775477-desc3-282f4520.jpg
https://pk-live-21.slatic.net/kf/Scd5b51bf1eb7453da73be5c28dbb237ak.jpg,500775477-desc4-68f99227.jpg
https://pk-live-21.slatic.net/kf/Sb63088c5cf724a7f87e32d8e1fb8792cW.jpg,500898509-1-a2d0a7fa.jpg
https://pk-live-21.slatic.net/kf/S99a4bc24368c4fceb597ee19d931b222X.jpg,500898509-2-27cc5419.jpg
https://pk-live-21.slatic.net/kf/S90fa508f56cb4e8792603ed932416074v.jpg,500898509-3-b9903d02.jpg
https://pk-live-21.slatic.net/kf/Sa0fcbdcf4a264d5491ba449f0267d350Q.jpg,500898509-4-4f45b025.jpg
https://pk-live-21.slatic.net/kf/S2061e6cbb23a4938bea8166073d9bb3ej.jpg,500898509-5-08252cc8.jpg
https://pk-live-21.slatic.net/kf/Scf3c57952b4645f3bd53433e70b2fe95t.jpg,500898509-6-e29f75e5.jpg
https://pk-live-21.slatic.net/kf/S7b5b7b8e48c24010b763b98e12cffa6bG.jpg,500898509-7-94d27922.jpg
https://pk-live-21.slatic.net/kf/S942abff3f8bf4bf593f6075b826b741e9.jpg,500898509-8-b9c7f186.jpg
https://pk-live-21.slatic.net/kf/S112e57f5706c44678a0998a4e496e959T.jpg,500898509-desc1-ebb31faa.jpg
https://pk-live-21.slatic.net/kf/Sd46ea773129a4c8b8d5055403e9896d3J.jpg,500898543-1-275fa014.jpg
https://pk-live-21.slatic.net/kf/Sd59bdf8ec8d34d95a61eebf0b4e0dd2a3.jpg,500898543-2-41a2752d.jpg
https://pk-live-21.slatic.net/kf/S919126e14219412bb1b87caeb009bc79B.jpg,500898543-3-b36ee3cc.jpg
https://pk-live-21.slatic.net/kf/S3f912d1a6f28429ab722b3b21e93080an.jpg,500898543-4-c9d94e19.jpg
https://pk-live-21.slatic.net/kf/S73a0a936ecf746cebfd9c31c49d13b874.jpg,500898543-5-f22f4907.jpg
https://pk-live-21.slatic.net/kf/S75e17065aca4491a836c900808b52af7U.jpg,500898543-6-5378a42c.jpg
https://pk-live-21.slatic.net/kf/S5eaec030501648bd842576e79a1d06aau.jpg,500898543-desc1-22da13c1.jpg
https://pk-live-21.slatic.net/kf/S03624e94bf3b45bda8454390abb3e209u.jpg,500898543-desc2-eca09e25.jpg
https://pk-live-21.slatic.net/kf/S5cca628b074442b5b9b1fea6e46a49ed1.jpg,500902417-1-3deb797c.jpg
https://pk-live-21.slatic.net/kf/S155f3c8db4154fdfa8422b273a973c4dl.jpg,500902417-2-ddc4540b.jpg
https://pk-live-21.slatic.net/kf/S57549ee83f7c4d6c95fb93550204b12cU.jpg,500902417-3-3860f6bf.jpg
https://pk-live-21.slatic.net/kf/Sec173ca46c9e4b32a24f7f943b7003f0j.jpg,500902417-4-28f67f34.jpg
https://pk-live-21.slatic.net/kf/Sdfd0f79dfe3a4092937a03236c01fe55l.jpg,500902417-5-e74ffda9.jpg
https://pk-live-21.slatic.net/kf/S2789be457ba145c7a42891468b6c6425y.jpg,500902417-6-962e291b.jpg
https://pk-live-21.slatic.net/kf/S55ec00ccd6fc47c787c438d97bff33edQ.jpg,500902417-7-847cfd52.jpg
https://pk-live-21.slatic.net/kf/Sbb84cc1716c442c2aa1d04d807242eabC.jpg,500902417-8-24144b8a.jpg
https://pk-live-21.slatic.net/kf/Seb12f4d383e34ec0ac1dd750c6b1d59ez.jpg,500902417-desc1-ea7c4ad9.jpg
https://pk-live-21.slatic.net/kf/Sd527c10e4e54473c93fb3940423718eeE.jpg,500902417-desc2-4ec41cbf.jpg
https://pk-live-21.slatic.net/kf/S6f3481a387b940f8a144767cb7d82b4f4.jpg,500905202-1-57ffdc85.jpg
https://pk-live-21.slatic.net/kf/S009b634091554453a0d3a2d59f693f47z.jpg,500905202-2-b744ea3b.jpg
https://pk-live-21.slatic.net/kf/Se71ee841962e46e79388fe00d5a97a32f.jpg,500905202-3-fc3dfb4e.jpg
https://pk-live-21.slatic.net/kf/S685feba0ac784ab88338bdd32c0ef1136.jpg,500905202-4-8071d8c7.jpg
https://pk-live-21.slatic.net/kf/S328f1a7ff01c4004a713d97f5f361353O.jpg,500905202-5-0cf3e5e4.jpg
https://pk-live-21.slatic.net/kf/S2d362e4be6184120bc60183ca1dd09219.jpg,500905202-6-aad190ca.jpg
https://static-01.daraz.pk/p/4512edb8ebf44c212c2c2f1efed3a0c9.jpg,500905202-7-6136926f.jpg
https://pk-live-21.slatic.net/kf/S7b6f4b69a91b4a8aab40c5aba53db08ej.jpg,500905202-desc1-724419a9.jpg
https://pk-live-21.slatic.net/kf/S40853c3bc2fa4ffc9300e8986b0af651d.jpg,500905202-desc2-e69ad81b.jpg
https://pk-live-21.slatic.net/kf/S64f5fc55411a47ae96e5f89ba27443533.jpg,500906148-1-c7ecffa2.jpg
https://pk-live-21.slatic.net/kf/Sb40bc422295943c69c367496097f5d8bn.jpg,500906148-2-6fca8638.jpg
https://pk-live-21.slatic.net/kf/Sa16a963323c44a9298228a8df48014ae3.jpg,504973058-1-ebf64314.jpg
https://pk-live-21.slatic.net/kf/Sf54d100eec55418591d8260268beb160P.jpg,504973058-2-d128c54d.jpg
https://pk-live-21.slatic.net/kf/S7aa67413337c4f9ba77debf0f3a26221k.jpg,504973058-3-07ec10d8.jpg
https://pk-live-21.slatic.net/kf/S1d1261c73a2c4deaa0c47473f51fbe6es.jpg,504973058-4-ffc43b36.jpg
https://pk-live-21.slatic.net/kf/Sbd777617367f4f9fbdade04fcbef206fV.jpg,504973058-5-ceaa9e5e.jpg
https://pk-live-21.slatic.net/kf/S6c12704f90c14ee2a3f2a3987d78ec6dw.jpg,504973058-6-6007479f.jpg
https://pk-live-21.slatic.net/kf/S00b2cbe8657942289c379f6e1d7544f8a.jpg,504973058-7-89d3c4f5.jpg
https://pk-live-21.slatic.net/kf/Sd5be3507b89d497a8d0d9bbc3d99e661x.jpg,504973058-desc1-ebf730b5.jpg
https://static-01.daraz.pk/p/013f13daf00d3ae5776893013c6a40e0.jpg,504973058-desc2-874ab680.jpg
https://pk-live-21.slatic.net/kf/S28edb16bd6504b9283ff25dd9bfbde8fB.jpg,506991819-1-97389198.jpg
https://pk-live-21.slatic.net/kf/S97980fe2aa194ee69fc63eec0bc9b83bR.jpg,506991819-2-16768dbd.jpg
https://pk-live-21.slatic.net/kf/Scdb759aa01b94b17a4c87c589a4a516bD.jpg,506991819-3-b933b58a.jpg
https://pk-live-21.slatic.net/kf/Sc3796ac087d04476a2f7b4231b447958u.jpg,506991819-4-a9811381.jpg
https://pk-live-21.slatic.net/kf/Sacc9200ee5404f749552b2cf36af61cbS.jpg,506991819-5-4754d010.jpg
https://pk-live-21.slatic.net/kf/S885055ed38a742288159c149fe7be3cde.jpg,506991819-6-2e0a244b.jpg
https://pk-live-21.slatic.net/kf/Sadea19a022d2486fbc57b9c7954627edk.jpg,506991819-7-0a5f7c49.jpg
https://pk-live-21.slatic.net/kf/S06767168fd91449f947c98b483c6a260R.jpg,506991819-8-a6d5747e.jpg
https://static-01.daraz.pk/p/0a39c8240cc3265eefdd87508e1291a4.jpg,506991819-wb-7f68d7e9.jpg
https://pk-live-21.slatic.net/kf/Sbe434105f4634efd92b32cd3c9f3bfcao.jpg,506991819-desc1-ea3bc581.jpg
https://pk-live-21.slatic.net/kf/S14ec9af6682c4935a7f6f8c12d49aba1H.jpg,506991819-desc2-0d9e616d.jpg
https://pk-live-21.slatic.net/kf/Scb8848e9ca5e43c0b40aa3f0adc36d18z.jpg,506999376-1-7f73cac7.jpg
https://pk-live-21.slatic.net/kf/S3b160615d217425c98495d2100e1e751X.jpg,506999376-2-e65c9714.jpg
https://pk-live-21.slatic.net/kf/Sfda32548c6a14f4f903bea26a92698b18.jpg,506999376-3-4e8e92ff.jpg
https://pk-live-21.slatic.net/kf/S3eba924a9b9341dd9925cb611c9b0958W.jpg,506999376-4-57c8d4c1.jpg
https://pk-live-21.slatic.net/kf/Se41a0580a1174f35a3b26df4c016adb0Y.jpg,506999376-5-2405ce58.jpg
https://pk-live-21.slatic.net/kf/Sf4b4716065f94e1994c98c104a24abc2Y.jpg,506999376-6-4225e501.jpg
https://pk-live-21.slatic.net/kf/S4281352261e541dab0071043125e2bbbB.jpg,506999376-7-3f0ec848.jpg
https://pk-live-21.slatic.net/kf/Sc91e615841274dc3b3f1ef7e0393079eP.jpg,506999376-desc1-ee8e2200.jpg
https://pk-live-21.slatic.net/kf/Sa2a120705483420090eee393d33ed9c56.jpg,507991007-1-f987327c.jpg
https://pk-live-21.slatic.net/kf/Se99b7970cad5416e95708b7ca50abf5aJ.jpg,507991007-2-a71d4edb.jpg
https://pk-live-21.slatic.net/kf/S3e28766f95d240118717153669d596a2H.jpg,507991007-3-b786c93f.jpg
https://pk-live-21.slatic.net/kf/S6e05fe76654a439dbde33bb3619773000.jpg,507991007-4-bde01a83.jpg
https://pk-live-21.slatic.net/kf/S35b6c8a64fa14c399054d2e544a059b7Y.jpg,507991007-5-03473f85.jpg
https://pk-live-21.slatic.net/kf/S9baf276f3f8a49749c5cc18fa0563fa5a.jpg,507991007-6-ba43fe57.jpg
https://pk-live-21.slatic.net/kf/Sdee33ec1662c467a826587d018004a28U.jpg,507991007-7-333fd887.jpg
https://static-01.daraz.pk/p/80b450c7b3d9c113a4d7180c98840c50.jpg,507991007-wb-0acbf741.jpg
https://pk-live-21.slatic.net/kf/S02090c41bfec46cdb7e2c496592b31b0F.jpg,507991007-desc1-fd600c2a.jpg
https://pk-live-21.slatic.net/kf/S53e8f5fb3c2244e0abd9dd74a5c9c7765.jpg,507991007-desc2-ebc89103.jpg
https://pk-live-21.slatic.net/kf/Sb093e2aad61f4f1d86d684662d87c109W.jpg,507991007-desc3-e748d440.jpg
https://static-01.daraz.pk/p/a0fd66d6e5cee5e8eef832165337d504.jpg,508040260-1-561e7cf0.jpg
https://pk-live-21.slatic.net/kf/Sd9dc5744e71b49448fddaf8b07191d93C.jpg,508040260-2-947d013c.jpg
https://pk-live-21.slatic.net/kf/S3574b72348b64fe3bedc7a4164bbebf6P.jpg,508040260-3-620e22ea.jpg
https://pk-live-21.slatic.net/kf/S3236f4176baf4ea58a36bfe446a5b2ecY.jpg,508040260-4-7f468207.jpg
https://pk-live-21.slatic.net/kf/S4a79acaefa6d43d1a875d191647b5032J.jpg,508040260-5-f9216e83.jpg
https://pk-live-21.slatic.net/kf/Sfc1b9e9184fa425e893c2ed08af6fc81e.jpg,508040260-6-f8f7bb19.jpg
https://pk-live-21.slatic.net/kf/Sdd44fc59cafb4ea5aeb39a14561d302ai.jpg,508040260-7-d5fd7c66.jpg
https://pk-live-21.slatic.net/kf/Se77d37a059de49c78eea1aebf16c6cffy.jpg,508040260-8-df637869.jpg
https://pk-live-21.slatic.net/kf/S2e8b836b9ac6444ba7778c06536c99d0E.jpg,508146964-1-5fefda13.jpg
https://pk-live-21.slatic.net/kf/S7d1a4064d2e74145a9e717f15d231870i.jpg,508146964-2-00f41961.jpg
https://pk-live-21.slatic.net/kf/S3ccc2aedca7a4b8590856847d28cc6989.jpg,508146964-3-cfbda537.jpg
https://pk-live-21.slatic.net/kf/Sea45ae3f68a14e8ab07564157773ca2el.jpg,508146964-4-73716efa.jpg
https://static-01.daraz.pk/p/54c42f8100c811d8d7ba8292cec0152f.jpg,508146964-desc1-a221df44.jpg
https://pk-live-21.slatic.net/kf/S958472d875df4f67a98675ef24da73d9A.jpg,508191040-1-524c2dd5.jpg
https://pk-live-21.slatic.net/kf/S645b43b0275842368e84b8730b3a29a1w.jpg,508191040-2-74ae9146.jpg
https://pk-live-21.slatic.net/kf/S1f83b507d7564035abefe067658d4e62Q.jpg,508191040-3-1f296117.jpg
https://pk-live-21.slatic.net/kf/Sdd539f54cadc472c984a7a5fb3263408x.jpg,508191040-4-d8cf2c0a.jpg
https://pk-live-21.slatic.net/kf/S97b87ea3c50f4104ae3c84b0777d34ccl.jpg,508191040-5-8b58942a.jpg
https://pk-live-21.slatic.net/kf/S0ead4631e4d74b73a9b004b201c4ff2cK.jpg,508191040-6-630a9aa7.jpg
https://pk-live-21.slatic.net/kf/S779a0601bad04449b542ac145643c389e.jpg,508191040-7-9a0680f1.jpg
https://pk-live-21.slatic.net/kf/S01d2925b434f45b5ab0440257b5d3c25C.jpg,508192625-1-51d4bd4b.jpg
https://pk-live-21.slatic.net/kf/S024c503148e0403b911a258c95c51b36e.jpg,508192625-2-15239191.jpg
https://pk-live-21.slatic.net/kf/Sbadbf0a491404c379dfc3e623a303018U.jpg,508192625-3-215e9b73.jpg
https://static-01.daraz.pk/p/32d7cd122c419bdcb96134d88d35b04b.jpg,508192625-wb-00f8b9a7.jpg
https://static-01.daraz.pk/p/7cf1e84b55cb4113ca8c1b37cfc50508.jpg,508192625-desc1-2b679467.jpg
https://pk-live-21.slatic.net/kf/S74463bdcf3e246bb925438ddb24ac30eU.jpg,508192720-1-f0e99956.jpg
https://pk-live-21.slatic.net/kf/Sacc338f8d4324eef9e449e203241d2f1l.jpg,508192720-2-30a0f346.jpg
https://pk-live-21.slatic.net/kf/S753a91b74dbc405e8d4ed0659a12747bq.jpg,508192720-3-e8f023a5.jpg
https://pk-live-21.slatic.net/kf/Scc4bb6ada48847cda6752ba9ee1eaa81e.jpg,508192720-4-f8d40e83.jpg
https://pk-live-21.slatic.net/kf/S5e94a6c0d2154fa7b6fcd3965396890dZ.jpg,508192720-5-1f2cb69a.jpg
https://pk-live-21.slatic.net/kf/Sabcfdc234f8248eea515c7c4b7b3e96fm.jpg,508192720-6-6fbfe08e.jpg
https://pk-live-21.slatic.net/kf/S4e09837174a749f98985550cf1b49042G.jpg,508192720-7-d92b2616.jpg
https://pk-live-21.slatic.net/kf/S4f1ecb83e40a4d9aa84cbfc2bc92b807d.jpg,508192720-8-45288e98.jpg
https://pk-live-21.slatic.net/kf/Se40ea8f9d32d4b9ea3cfd449ef48fedak.jpg,508192720-desc1-8be5e0d3.jpg
https://pk-live-21.slatic.net/kf/S30c4df7a5e1548c499ecfb417377b7e1m.jpg,508192720-desc2-8ea1103c.jpg
https://pk-live-21.slatic.net/kf/S04521f297eaf4c9cb28d4b604e1719c2m.jpg,508214256-1-67ed8ee5.jpg
https://pk-live-21.slatic.net/kf/Sd7ea608c7f2d470c8e379c5086c48e802.jpg,508214256-2-72a2e599.jpg
https://pk-live-21.slatic.net/kf/S3edeaa73913a41afb2fe0638f8e670144.jpg,508214256-3-4e185e4f.jpg
https://pk-live-21.slatic.net/kf/S81987540ce9a40f6a965ef84f66616a9m.jpg,508214256-4-f5d695a2.jpg
https://pk-live-21.slatic.net/kf/S9244eee4c3c6451a9b5a48e66d9d84721.jpg,508214256-5-32bf3f10.jpg
https://pk-live-21.slatic.net/kf/S32fc40be4c4d4982baadb7f3aa8f7145n.jpg,508214256-6-9112507f.jpg
https://static-01.daraz.pk/p/a68179d7b124aaa006e79908d8b0116d.jpg,508214256-wb-cf1114ce.jpg
https://static-01.daraz.pk/p/f27962a4672face61319da52d2136437.jpg,508214256-desc1-21ebebe2.jpg
https://static-01.daraz.pk/p/0537a7237382a4715f1cd93f1ba96b86.jpg,508214256-desc2-90b5de81.jpg
https://pk-live-21.slatic.net/kf/S0734bc47fbec4ca5993c7d2ec9e1cf7dq.jpg,508218444-1-f51edff5.jpg
https://pk-live-21.slatic.net/kf/Sa69c664ed0954370acea5ba6589a73f4A.jpg,508218444-2-c71766a3.jpg
https://pk-live-21.slatic.net/kf/S3d5ab18c20e34816828410ed271dcfc7w.jpg,508218444-3-91c266a9.jpg
https://pk-live-21.slatic.net/kf/Scadf9e4b862240bbb4f335572d5e53a7E.jpg,508218444-4-bdff188e.jpg
https://pk-live-21.slatic.net/kf/Saf46a590c0b642d7bb2c9528802b36c9X.jpg,508218444-5-458e7726.jpg
https://pk-live-21.slatic.net/kf/S708c230a03e346d39a7db412a04b4433q.jpg,508218444-6-477063aa.jpg
https://pk-live-21.slatic.net/kf/S87123e92f6ca4a6580b0490324cae0b7s.jpg,508218444-7-249c054d.jpg
https://pk-live-21.slatic.net/kf/S28c35079d0d241978780da6180a6c6a2I.jpg,508218444-8-75f16598.jpg
https://static-01.daraz.pk/p/432f4f90fa8bc795feb78ab176379dcf.jpg,508218444-wb-1ca4de2b.jpg
https://pk-live-21.slatic.net/kf/S3c86ca44abab4d8f8b350cf7de558bbag.jpg,508218444-desc1-c80507f2.jpg
https://static-01.daraz.pk/p/a1879eea151571444fac42da5efe651c.jpg,508218444-desc2-127acc5d.jpg
https://pk-live-21.slatic.net/kf/Sd0f7c5dad58f4659b0fccb668b55e484g.jpg,508224195-1-3ccbfa08.jpg
https://pk-live-21.slatic.net/kf/Sdbddeeceace94ba99beea4ed45d36ad3G.jpg,508224195-2-f24b5ff4.jpg
https://pk-live-21.slatic.net/kf/S73aeb0566c384a82aeb2d0d3bc3dc69ax.jpg,508224195-3-9264429b.jpg
https://pk-live-21.slatic.net/kf/S6dcff9a940504dc6ac9eaadaf4e5c7b8E.jpg,508224195-4-1ef9e4b6.jpg
https://static-01.daraz.pk/p/64e76f57612c8c24aad57b9431d8046f.jpg,508224195-wb-98708e06.jpg
https://pk-live-21.slatic.net/kf/S1b21bb4f407d49d28a50b977a24408bda.jpg,508238134-1-8fc70a00.jpg
https://pk-live-21.slatic.net/kf/S114d5277c1f340c2ac758aa8443052b6M.jpg,508238134-2-35a674b8.jpg
https://pk-live-21.slatic.net/kf/S50397f3f85704df6a161692706b6b77dX.jpg,508238134-3-898f28cc.jpg
https://pk-live-21.slatic.net/kf/S76727f6ae1b749f182dcba03244b40e4A.jpg,508238134-4-b9159466.jpg
https://pk-live-21.slatic.net/kf/S191c4c9cdd5a481b83c3666cba977ec3H.jpg,508238134-5-2e684d2d.jpg
https://pk-live-21.slatic.net/kf/S6931e4b7a5244843887346b76e3c4ff9C.jpg,508238134-6-85a388fc.jpg
https://pk-live-21.slatic.net/kf/Saed6acbe5f454d6b9b8436529fa4b0d96.jpg,508238134-7-53b7fe23.jpg
https://pk-live-21.slatic.net/kf/Sd4deeebde91547c49977f3eddee53981h.jpg,508238134-8-cb5d1ad7.jpg
https://pk-live-21.slatic.net/kf/Sad15c2ef97a141ada666231f8458339dp.jpg,508238134-desc1-36f780cb.jpg
https://pk-live-21.slatic.net/kf/Sb7ef0319ff1d41dd8870bf389bd4f689A.jpg,508238134-desc2-690def6f.jpg
https://pk-live-21.slatic.net/kf/S92db5f9a3bcb4bad8670a67a301c10eal.jpg,508238134-desc3-d3aa995b.jpg
https://pk-live-21.slatic.net/kf/Sa4f8ae610917490f9af4c20145d1d398Z.jpg,508238134-desc4-61104c93.jpg
https://pk-live-21.slatic.net/kf/Sa175ae5c101747baa1d664ad20877817r.jpg,512286871-1-f388aab2.jpg
https://pk-live-21.slatic.net/kf/S0d6a4670df294359b19fddea6d46bd36H.jpg,512286871-2-0f0ec780.jpg
https://pk-live-21.slatic.net/kf/Sbd0a8d70d51d401eab3b16b067b509131.jpg,512286871-3-989321fc.jpg
https://pk-live-21.slatic.net/kf/S95095f8b70754aeb9e9b322c3939aa88g.jpg,512286871-4-73697928.jpg
https://pk-live-21.slatic.net/kf/S45bdbd65884c49228427bbf8c31431e42.jpg,512286871-5-a41aa43a.jpg
https://pk-live-21.slatic.net/kf/S70ad78aee07440359a5a47d0fe3fbc14U.jpg,512286871-6-a7ef2698.jpg
https://pk-live-21.slatic.net/kf/S82dc353405934fcb938935d56440cf4fH.jpg,512286871-7-191498e8.jpg
https://pk-live-21.slatic.net/kf/S5611209969d44a69bba83508d481154bn.jpg,512286871-8-e57ce07a.jpg
https://static-01.daraz.pk/p/b6409a805ad43b8d59a1aa25e818fc28.jpg,512286871-wb-a7b51274.jpg
https://pk-live-21.slatic.net/kf/S21e5c5036a1a41c09265870827a152e3i.jpg,512286871-desc1-182f133c.jpg
https://pk-live-21.slatic.net/kf/S4e05d3e313124b87aec53b1d50a314a8g.jpg,515532533-1-2c0218fc.jpg
https://pk-live-21.slatic.net/kf/Sd4eac09eb70b4686871a703317643efes.jpg,515532533-2-256862d2.jpg
https://pk-live-21.slatic.net/kf/S6abae4d7535545c4b96c1ccfc62b9610D.jpg,515532533-3-b0e94a7a.jpg
https://static-01.daraz.pk/p/fdec3bb52bc04ca655a8da8dedc33d76.jpg,515532533-wb-c33738f1.jpg
https://pk-live-21.slatic.net/kf/Se63aa1dd187e4d1283b1dd5e20e4f371P.jpg,515532533-desc1-2f1fbbce.jpg
https://static-01.daraz.pk/p/1853e788ee009487fc86a1325ff046ab.jpg,515532533-desc2-0130734b.jpg
https://pk-live-21.slatic.net/kf/Se6363c99f56f4677a95846027b94da21V.jpg,516574195-1-783a0073.jpg
https://pk-live-21.slatic.net/kf/S706757003d4e46c2bc40a26ff1589fcep.jpg,516574195-2-358d8135.jpg
https://pk-live-21.slatic.net/kf/Sd13072b395d847ec837c808389b903b7m.jpg,516574195-3-5bda9a77.jpg
https://pk-live-21.slatic.net/kf/Sd852589aa99a4948ab04589298ec76e4q.jpg,516574195-4-048df8fc.jpg
https://pk-live-21.slatic.net/kf/Sccf225e0301c4d0bafa921510e6f90b9L.jpg,516574195-5-c3c1f1a0.jpg
https://pk-live-21.slatic.net/kf/Scf5910c5cee34fc1be3b82c7d73cc1c2b.jpg,516574195-6-58cfb85c.jpg
https://pk-live-21.slatic.net/kf/Sb485da3a5d8845a8bef6e74f3bbe8ec8L.jpg,516574195-7-79e9368c.jpg
https://static-01.daraz.pk/p/158473a2eb91101961ce16a00ac46be6.jpg,516574195-wb-80300b40.jpg
https://pk-live-21.slatic.net/kf/S75a31e7593684bd69962d4f3f434ff8bI.jpg,516574195-desc1-bc64e6b4.jpg
https://pk-live-21.slatic.net/kf/S820cd1d2d1084efd884f92f3d53af534u.jpg,516574195-desc2-6c09e98b.jpg
https://pk-live-21.slatic.net/kf/S18532b83ba684714a5ad5da7a8c9ad95u.jpg,517691380-1-e627016e.jpg
https://pk-live-21.slatic.net/kf/S224fac4204f145d88198e3a8280a87579.jpg,517691380-2-f6985989.jpg
https://pk-live-21.slatic.net/kf/Se9342272dcd547fabc1a3ba6df1201851.jpg,517691380-3-a9e4898a.jpg
https://pk-live-21.slatic.net/kf/S8636484e5c6442edb706bcb801289e66I.jpg,517691380-4-815c3f8b.jpg
https://static-01.daraz.pk/p/9f38ae32cf71a440ef89ffddfb0d70a0.jpg,517691380-wb-9aa2a18d.jpg
https://pk-live-21.slatic.net/kf/S98b33b3951194d8a8489c14e73bd603eI.jpg,517691380-desc1-797a22ae.jpg
https://pk-live-21.slatic.net/kf/S76ffd07fd6804b0eb1695f041c9a7e22v.jpg,517974963-1-e581b29d.jpg
https://pk-live-21.slatic.net/kf/Scef406651d0047239838403430ef2e169.jpg,517974963-2-65d0826e.jpg
https://pk-live-21.slatic.net/kf/S68d27c33078f450384441c4b141818763.jpg,517974963-3-bb1c29c7.jpg
https://pk-live-21.slatic.net/kf/S6639dff2ad6c46ac93277774f18d137c2.jpg,517974963-4-15c8afc0.jpg
https://static-01.daraz.pk/p/f25d1ee57c37c4548c3caeac5dec2cf4.jpg,517974963-wb-bc8cfbbf.jpg
https://pk-live-21.slatic.net/kf/Se87fa1634e544280a008283dc04d1c21M.jpg,518023161-1-1c41f088.jpg
https://pk-live-21.slatic.net/kf/S8efd1faf04f0498596a54dbe5721d1ee5.jpg,518023161-2-b6ef2d63.jpg
https://pk-live-21.slatic.net/kf/S14d06afc39e443f89aff38acbd258db2K.jpg,518023161-3-0f55fef1.jpg
https://pk-live-21.slatic.net/kf/S8ab040b306f34627b1fbcce237022a7dQ.jpg,518023161-4-21fd4ca4.jpg
https://static-01.daraz.pk/p/4033d7053dcbe673758c2b91ab99829e.jpg,518023161-wb-a1ec8c17.jpg
https://pk-live-21.slatic.net/kf/Se33c6928840142d9a35b5ded0d9b6a33n.jpg,518023161-desc1-5811e656.jpg
https://pk-live-21.slatic.net/kf/Sd8f5c9dfc5ca461880d4717f719fac0aE.jpg,518023161-desc2-c99fcebf.jpg
https://pk-live-21.slatic.net/kf/S9b52135e597d4aa1912dbf734396eeffn.jpg,526109502-1-d137bf18.jpg
https://pk-live-21.slatic.net/kf/Sd44da15e271b49a9af5848a88918cd05N.jpg,526109502-2-b98d3542.jpg
https://pk-live-21.slatic.net/kf/Sfaee9532a0f14a64a24c62a2353ff285g.jpg,526109502-3-dad4abd6.jpg
https://pk-live-21.slatic.net/kf/S1e1dba39eeac4fc5a3f7b6ad6654a1abL.jpg,526109502-4-4915523d.jpg
https://pk-live-21.slatic.net/kf/S327ef8d7bd5f4c3abd78be0e1535fb857.jpg,526109502-5-c201255c.jpg
https://pk-live-21.slatic.net/kf/S036fcac7cd9f4d9d83fc5bde23f5b5e7w.jpg,526109502-6-a04145b8.jpg
https://pk-live-21.slatic.net/kf/Sf759857d70c64bbea9be121cb8798266Q.jpg,526109502-7-b9f062b4.jpg
https://static-01.daraz.pk/p/d6cb04d51f5dabeb8de3968c614ae08a.jpg,526109502-wb-4c23ee2c.jpg
https://pk-live-21.slatic.net/kf/S59b7acf9fbb94e729f250e28be85c2e6I.jpg,526109502-desc1-3a33cb0a.jpg
https://pk-live-21.slatic.net/kf/Sec2e147045ff4ce38ba779fc84e75c81u.jpg,526109502-desc2-f4284323.jpg
https://pk-live-21.slatic.net/kf/S4015a3e101d14205bccffc7c9c07d876F.jpg,526111176-1-01277574.jpg
https://pk-live-21.slatic.net/kf/S45fc5c1d18464cf5984fe16c0e943f87Q.jpg,526111176-2-ff4ec635.jpg
https://pk-live-21.slatic.net/kf/S6f9fae6baa9c4e9d8ce967720575f58au.jpg,526111176-3-ffb031d6.jpg
https://pk-live-21.slatic.net/kf/S17631447bde542abae325bfc7525b1b8f.jpg,526111176-4-ef20e28b.jpg
https://pk-live-21.slatic.net/kf/S477e258437f1436593e20a1a081bbca52.jpg,526111176-5-68a82f4e.jpg
https://pk-live-21.slatic.net/kf/Sa920862794c4499dbb8eb685c184ca94g.jpg,526111176-6-d90aab44.jpg
https://pk-live-21.slatic.net/kf/Sb92c2a1bddd640eabdf1927fe6c2922ec.jpg,526111176-7-710ebfb5.jpg
https://static-01.daraz.pk/p/50908dade2b6ca779d2a5a8dcac3d1b6.jpg,526111176-wb-9a608971.jpg
https://pk-live-21.slatic.net/kf/Sdfa729bf437b4a63b7fe48d082f45f11k.jpg,526111176-desc1-fa7d311a.jpg
https://pk-live-21.slatic.net/kf/Sfcfcc75ed1ae46acad10de85d373de863.jpg,526111176-desc2-c0ac6d2b.jpg
https://pk-live-21.slatic.net/kf/Scd795aeeeb8645c3849919a6e58c9454f.jpg,526111176-desc3-b51f6222.jpg
https://pk-live-21.slatic.net/kf/S85a5357b1ba745868fb2a101b280e014M.jpg,526111176-desc4-7e94d479.jpg
https://static-01.daraz.pk/p/9e6533f9e823f2ad0920fc99354c72ae.jpg,526112651-1-d60a8299.jpg
https://static-01.daraz.pk/p/6bef968419fc9729b91f01969baa0b02.jpg,526112651-2-27475916.jpg
https://static-01.daraz.pk/p/aecf0a7f19b026bd90efcb537b3a0a9f.jpg,526112651-3-a439648e.jpg
https://static-01.daraz.pk/p/0c69e41b6bc3a69088e39c14977a71be.jpg,526112651-4-37f99b99.jpg
https://static-01.daraz.pk/p/a8a4c9df8e30352405490531f654f957.jpg,526112651-5-0103fd4b.jpg
https://static-01.daraz.pk/p/1980173db8acfa8ef7b33e991071b02c.jpg,526112651-wb-3366101e.jpg
https://pk-live-21.slatic.net/kf/S9c510dba421d414e800cacfc785455c8h.jpg,526136013-1-3f8abf5b.jpg
https://pk-live-21.slatic.net/kf/S5e7d3ce83c5443b8b5921106bd8e2e50o.jpg,526136013-2-7c8bb9db.jpg
https://pk-live-21.slatic.net/kf/Saed764727f024c889bfbaf8a912a8173m.jpg,526136013-3-c3acb029.jpg
https://pk-live-21.slatic.net/kf/S9ab3631c98034a8f920824d069b96e5dk.jpg,526136013-4-21c26595.jpg
https://pk-live-21.slatic.net/kf/S14c80a3db8b446a083bcc3a1331f1539i.jpg,526136013-5-c1ea71f2.jpg
https://pk-live-21.slatic.net/kf/Sfd0872967cc4484394235e34f8809270E.jpg,526136013-6-9b5436f4.jpg
https://pk-live-21.slatic.net/kf/Se7edb65071604e0591b4b88885565ae9d.jpg,526136013-7-79f881b7.jpg
https://static-01.daraz.pk/p/911fe8e3a1aa4ce135eca2d4963e9239.jpg,526136013-wb-9cba8e92.jpg
https://pk-live-21.slatic.net/kf/Sbef618c1d7b248a49a391b1fd7e15539w.jpg,526136013-desc1-fd6e9cdc.jpg
https://pk-live-21.slatic.net/kf/Sf2f12f3006fb4be5930230b6427c8312K.jpg,526136013-desc2-2ffab9e2.jpg
https://static-01.daraz.pk/p/ae88e529e27d05f4d37ff602495c04ba.jpg,528723220-1-6f82b880.jpg
https://static-01.daraz.pk/p/082b516997751c0d198cd43800f6d704.jpg,528723220-2-5057f3e3.jpg
https://static-01.daraz.pk/p/6778c9395cadc1f794893bcbd81beac8.jpg,528723220-3-e8eb05fe.jpg
https://static-01.daraz.pk/p/f43311e26548b017414e4eb799469d8f.jpg,528723220-4-87f0d775.jpg
https://pk-live-21.slatic.net/kf/S56bb01e2cb80426c933b533b2fbc65a44.jpg,528723406-1-817548a8.jpg
https://pk-live-21.slatic.net/kf/S7e15733b113648ec85b47d14b68ff78fF.jpg,528723406-2-09585f09.jpg
https://pk-live-21.slatic.net/kf/See3b958df3c946cbb2417cffa167e1285.jpg,528723406-3-0b35e4d9.jpg
https://pk-live-21.slatic.net/kf/S2329e02113434fc0b179077a6c9b1349c.jpg,528723406-4-26cd6b41.jpg
https://pk-live-21.slatic.net/kf/S8e1f87448c484ef0a60a874ad7fddab3D.jpg,528723406-5-b3839ee0.jpg
https://pk-live-21.slatic.net/kf/S1b4e35567ea8435e8d798cc910fea2fc8.jpg,528723406-6-ce14b213.jpg
https://static-01.daraz.pk/p/e7703b12ce3f54ba1853499d3e75800c.jpg,528723406-wb-216ccca6.jpg
https://pk-live-21.slatic.net/kf/S539c3706a18f47909cf8ff493e85f3b6c.jpg,528723406-desc1-401a40b9.jpg
https://pk-live-21.slatic.net/kf/S116717f699f845cdb332583f72d278d4s.jpg,528723406-desc2-f0eedbb2.jpg
https://pk-live-21.slatic.net/kf/Sae5ca988a7d74491a202f03ef2c3e59dh.jpg,531470544-1-af31a1fa.jpg
https://pk-live-21.slatic.net/kf/Se3dce94ab2304a35b4488240b99260d0r.jpg,531470544-2-66683a75.jpg
https://pk-live-21.slatic.net/kf/Sfce7d6ae621d429baabdc12a5bfde5ffu.jpg,531470544-3-15e79b7c.jpg
https://pk-live-21.slatic.net/kf/S3797a90d16554bc9b962bee7498388e3m.jpg,531470544-4-80ba8742.jpg
https://pk-live-21.slatic.net/kf/Sca0add3db0c74277b3756a82ff6fb33aA.jpg,531470544-5-37fba634.jpg
https://static-01.daraz.pk/p/10ef2ef131300a420818802d4a761377.jpg,531470544-wb-7c0f3d81.jpg
https://pk-live-21.slatic.net/kf/Sdc379b7e7c594c2b836aba9245270b7dz.jpg,531470544-desc1-bb3d63c9.jpg
https://pk-live-21.slatic.net/kf/S9d4aed2a448a495c814b0366ce67c5d7z.jpg,531470544-desc2-926e1527.jpg
https://pk-live-21.slatic.net/kf/Saba52772a825406a9617b7581f3efc10t.jpg,531471589-1-714332d0.jpg
https://pk-live-21.slatic.net/kf/Sbdd830c3ee8b44e6bac0229b199567a1D.jpg,531471589-2-ae0796c2.jpg
https://pk-live-21.slatic.net/kf/S004cff47e30844c0be19a946f0e885a7B.jpg,531471589-3-32bd9880.jpg
https://pk-live-21.slatic.net/kf/Sf274950dcb0c4ddf85007e460c9a7eb3F.jpg,531471589-4-01e5e10e.jpg
https://pk-live-21.slatic.net/kf/S71bbc758b941460790192fb70314e96cl.jpg,531471589-5-c3baa0c7.jpg
https://pk-live-21.slatic.net/kf/S402efa7915b543a594f8f3b09d244f92Q.jpg,531471589-6-0da32041.jpg
https://static-01.daraz.pk/p/0abcd2572216e11104c30a2b2387cc3f.jpg,531471589-wb-3e76b4c1.jpg
https://pk-live-21.slatic.net/kf/Se4335adee21e45e2a0ad847a190f1e6aB.jpg,531496805-1-b1bfd646.jpg
https://pk-live-21.slatic.net/kf/S09a06728b6bd49e4921c2857af4a5c160.jpg,531496805-2-ab91f8c2.jpg
https://pk-live-21.slatic.net/kf/Sd2f1efdc773942f19d034238199a7782c.jpg,531496805-3-b5dab452.jpg
https://pk-live-21.slatic.net/kf/S5531173a10884d6a84cf93bc785b6bear.jpg,531496805-4-6d1f2b0b.jpg
https://pk-live-21.slatic.net/kf/S609e93ff438b4310a5cb425f1ffeec91h.jpg,531496805-5-dfce05dc.jpg
https://pk-live-21.slatic.net/kf/S8855f27346804a6d8abd3cea5858c40bK.jpg,531496805-6-0d7c9dfb.jpg
https://static-01.daraz.pk/p/146f55d7e61b021354a6b8c8865932b4.jpg,531496805-wb-f8c5f30e.jpg
https://pk-live-21.slatic.net/kf/S8ddf9c2e35cf4b7784a24418a5283f0dA.jpg,531496805-desc1-1601c831.jpg
https://pk-live-21.slatic.net/kf/Sc4f415c240bc446aa07031ca08fc6735i.jpg,531496805-desc2-6088993f.jpg
https://pk-live-21.slatic.net/kf/Sac5548d8955e4d7eb609814796f224786.jpg,531496805-desc3-213f43df.jpg
https://pk-live-21.slatic.net/kf/S23e1b4901a0d48c2b6a5a8eae86dd167R.jpg,531506268-1-0ea71c0d.jpg
https://pk-live-21.slatic.net/kf/Sf9a35fca2c6845a89a3eb324aa4dc7351.jpg,531506268-2-16b75c73.jpg
https://pk-live-21.slatic.net/kf/S292b347d31d64b879be4a2058ee9e161O.jpg,531506268-3-4f94b5c6.jpg
https://pk-live-21.slatic.net/kf/Se69a7dfa09f7461e9cbc904ab589ce77b.jpg,531506268-4-8bcbe348.jpg
https://pk-live-21.slatic.net/kf/S9a36b36d501c4ed0afa085158e498699T.jpg,531506268-5-1bca3744.jpg
https://pk-live-21.slatic.net/kf/Sd2e24f8a19bd43568514892d7c804b43g.jpg,531506268-6-4b0794f1.jpg
https://static-01.daraz.pk/p/c4fe6dc7223ad6abc3359998776fe5d6.jpg,531506268-wb-4e5cdc7b.jpg
https://pk-live-21.slatic.net/kf/Scdcd335e87d14e64a0013192d4839057S.jpg,532670431-1-7fb0361e.jpg
https://pk-live-21.slatic.net/kf/S29942f8d1a6c4d2a9965dde1115bf87fq.jpg,532670431-2-8eced4e7.jpg
https://pk-live-21.slatic.net/kf/S026dcb46f0754acfb465ab6348d4ade3M.jpg,532670431-3-3e1eb765.jpg
https://pk-live-21.slatic.net/kf/S25637ced077443a6975fb85ba7b50329i.jpg,532670431-4-923016f6.jpg
https://pk-live-21.slatic.net/kf/Sbdd5531262f54777a990c6d82d962841X.jpg,532670431-5-24f20097.jpg
https://pk-live-21.slatic.net/kf/Se360a217cc794c2b8542cdd011fb1b4fY.jpg,532670431-6-3bd9d500.jpg
https://static-01.daraz.pk/p/fbfb09c29c91d9bddc6a1ffc53e0ff00.jpg,532670431-wb-184e58d8.jpg
https://static-01.daraz.pk/p/9193ba879ffbb7d4b71de6408434004d.jpg,532670431-desc1-4cbf0f3e.jpg
https://pk-live-21.slatic.net/kf/Sd1aa76dbb74f4563afdb7eed53ebe819c.jpg,540354340-1-02f319ae.jpg
https://pk-live-21.slatic.net/kf/S0f5bae01acb94de39e7773756e74a8f79.jpg,540354340-2-efe92aab.jpg
https://pk-live-21.slatic.net/kf/S79543021b54c46fbadeaebadf40e077ax.jpg,540354340-3-a3c01028.jpg
https://pk-live-21.slatic.net/kf/S4eb1f4620e934f23808f3cb99f7c7ac1z.jpg,540354340-4-b63f6ed5.jpg
https://pk-live-21.slatic.net/kf/S9b955bcac03a4cd7b267f347eaefec13u.jpg,540354340-5-c8604c7a.jpg
https://pk-live-21.slatic.net/kf/S61e39720f45a41adb4622234f882a5b41.jpg,540354340-6-86cd82bc.jpg
https://static-01.daraz.pk/p/7b1b34809e5879455e2645a06546ef6f.jpg,540354340-wb-74e30621.jpg
https://pk-live-21.slatic.net/kf/Sc3d412052e4e44408e3704cad4cac58cD.jpg,540354340-desc1-83977a85.jpg
https://pk-live-21.slatic.net/kf/S03880005891141c48b7460e82876911dj.jpg,540354340-desc2-30417aaf.jpg
https://pk-live-21.slatic.net/kf/S41cdd4c8292b4336905592b27e85a13aT.jpg,540354450-1-bdc2a24a.jpg
https://pk-live-21.slatic.net/kf/S0fabbd71aec54157a1d021c833b3c8856.jpg,540354450-2-44109060.jpg
https://pk-live-21.slatic.net/kf/S9cd13194c018470d8e3cdeb71d38adf9i.jpg,540354450-3-c4fbee1b.jpg
https://pk-live-21.slatic.net/kf/S9a92fdcf00a9478a8e700c1f4528d268K.jpg,540354450-4-b19ccd0c.jpg
https://pk-live-21.slatic.net/kf/S4073b4c6cad1466cabc2fcb7b6b0fccdC.jpg,540354450-5-fbb35627.jpg
https://pk-live-21.slatic.net/kf/S151e39ea00d7491f909d3f3861d83d15G.jpg,540354450-6-9d700b58.jpg
https://static-01.daraz.pk/p/fdc3d6e7165ef0feda633e3cffb8766a.jpg,540354450-wb-8cb87044.jpg
https://pk-live-21.slatic.net/kf/S2ce2e697ac864dbea4d9ec66864a40d4E.jpg,549328444-1-55f7b5d8.jpg
https://pk-live-21.slatic.net/kf/Sfa84eba950c043cfa3f044b3242e0f9eV.jpg,549328444-2-cc06e88b.jpg
https://pk-live-21.slatic.net/kf/Sdbc176aad1cf449e9cf46242e65a889cF.jpg,549328444-3-0dacfe1f.jpg
https://pk-live-21.slatic.net/kf/S5b8eb38be0424ed3a5efb186a98bbf90K.jpg,549328444-4-6d54379b.jpg
https://pk-live-21.slatic.net/kf/S28e9fc060d5749dfae14762fb41ceced6.jpg,549328444-5-e7e9c083.jpg
https://pk-live-21.slatic.net/kf/S677e5658883546ebb50543f90a73d2660.jpg,549328444-6-3c7ff2c8.jpg
https://pk-live-21.slatic.net/kf/Sb2f1021a0874482f8e2ef3b5a06b56daG.jpg,549328444-7-f8e41699.jpg
https://pk-live-21.slatic.net/kf/S3a4d4455b5cc4f56895e534b9cac88d7B.jpg,549328444-desc1-e3cd67ed.jpg
https://pk-live-21.slatic.net/kf/S72a6e01b883f4a56b946b57a1f6388b83.jpg,549328444-desc2-9c64758c.jpg
https://pk-live-21.slatic.net/kf/Sb541d818395b4c919043d3a64ba7266b3.jpg,549328444-desc3-be919eb1.jpg
https://pk-live-21.slatic.net/kf/Sd270d433c007413f93a00d548c886260b.jpg,549361244-1-662c0bf8.jpg
https://pk-live-21.slatic.net/kf/Se76c5501f4934490ade8a719842ac7f1R.jpg,549361244-2-5642407c.jpg
https://pk-live-21.slatic.net/kf/S0e68d39662014284b8fd0564ba1d1188H.jpg,549361244-3-e8622d21.jpg
https://pk-live-21.slatic.net/kf/S709ed6b4de394e329048d39d190fd40cL.jpg,549361244-4-bf0d6b44.jpg
https://pk-live-21.slatic.net/kf/Se705b13b13484152b191385a3c48c457d.jpg,549361244-5-930b6a9b.jpg
https://pk-live-21.slatic.net/kf/S8d38fcf2401b43539e558f81a407efb7M.jpg,549361244-6-62d6bb18.jpg
https://pk-live-21.slatic.net/kf/S251cbc4461494d8eb42ac937c7e5a11dH.jpg,549361244-7-4d737ca4.jpg
https://static-01.daraz.pk/p/0d6a293bf22892cbf48949b9ea17694d.jpg,549361244-desc1-22539b6e.jpg
https://pk-live-21.slatic.net/kf/Sb8520f6aca514024b7b771cfac6eab6du.jpg,549722266-1-9f4017c8.jpg
https://pk-live-21.slatic.net/kf/Sf239be5fa9a944afb73ff23cbd20d13c8.jpg,549722266-2-d45b4f0e.jpg
https://pk-live-21.slatic.net/kf/Sa2c1b2b4e7e745d8813a62f525bda75aT.jpg,549722266-3-dd6e28db.jpg
https://pk-live-21.slatic.net/kf/Se64915888ea04e6eb4b60910e4dd46854.jpg,549722266-4-8d4c2340.jpg
https://pk-live-21.slatic.net/kf/S1b7a597c31ba491abba1dd870a240b83L.jpg,549722266-5-e116371a.jpg
https://pk-live-21.slatic.net/kf/Scf4dc4ca152c4313a0f2f099a62c454e0.jpg,549722266-6-fc4593e8.jpg
https://pk-live-21.slatic.net/kf/S7a895324ee674a9586e370f451395a94P.jpg,549722266-7-d17fd11a.jpg
https://pk-live-21.slatic.net/kf/Sd990e5d4123c4a99b865fcaf416531c2B.jpg,549722266-desc1-35f1c0fd.jpg
https://pk-live-21.slatic.net/kf/S574c348f67a944ae9a3031f9911ad58cT.jpg,549722266-desc2-23bd8871.jpg
https://pk-live-21.slatic.net/kf/S1c300f78b1ef45bf9c02800f06353758Q.jpg,549722266-desc3-1dc3a15e.jpg
https://pk-live-21.slatic.net/kf/S96886064b9764b0497a8b28ff2540689I.jpg,550469964-1-fbfa65c0.jpg
https://pk-live-21.slatic.net/kf/Sc960de6f2df24906a5a590c14d07abc1R.jpg,550469964-2-ab46e3b3.jpg
https://pk-live-21.slatic.net/kf/S640995ad052f4bec89dc95d6a4a5b859B.jpg,550469964-3-0bc184a2.jpg
https://pk-live-21.slatic.net/kf/Sc5e1f1bd482948b29217beefb4ff8082J.jpg,550469964-4-75c45cee.jpg
https://pk-live-21.slatic.net/kf/Sab5db69e1a034168b8bea63f1139fc0fL.jpg,550469964-5-8929a3ea.jpg
https://static-01.daraz.pk/p/7f8420a780518415a9ef40ea7d81ba07.jpg,550469964-wb-abf3e223.jpg
https://pk-live-21.slatic.net/kf/S66319fd3a6e54f3faa38f9ccbb9e6cd8K.jpg,550469964-desc1-daf5bc06.jpg
https://pk-live-21.slatic.net/kf/Sae11b653e27d4799ad56d789597c65e2H.jpg,550469964-desc2-4160c3e4.jpg
https://pk-live-21.slatic.net/kf/S565e8f2b50d548b1a05d6db89b5efe1dT.jpg,554658520-1-22b68fdf.jpg
https://pk-live-21.slatic.net/kf/S7fb5bc7c35d948339b1a6f3e908784f7U.jpg,554658520-2-b797c4ce.jpg
https://pk-live-21.slatic.net/kf/Sec2ff976b9d04a3b8630ba9d63110053w.jpg,554658520-3-eb788da8.jpg
https://pk-live-21.slatic.net/kf/S94bc5c0f7add4ee4a8e67fdf93cd385em.jpg,554658520-4-15122002.jpg
https://pk-live-21.slatic.net/kf/Sb635cbc416a34ee9a194ceb8823a6901J.jpg,554658520-5-89069ab8.jpg
https://pk-live-21.slatic.net/kf/S879bd39cc24742a1800436cb5c5521a9S.jpg,554658520-6-43fe3f46.jpg
https://static-01.daraz.pk/p/7e6f86e84dad78c3c5ed93dac4ce566e.jpg,554658520-desc1-a5687792.jpg
https://pk-live-21.slatic.net/kf/Sd3d3527343e34db289ede4de9ad0bc217.jpg,554665530-1-a431ee55.jpg
https://pk-live-21.slatic.net/kf/S5b1bacadbc8243e58e8c3f251964b772G.jpg,554665530-2-4a5ba2d6.jpg
https://pk-live-21.slatic.net/kf/Sb2c1db0bf39546b29bd46d2e837f7818y.jpg,554665530-3-9cb47de6.jpg
https://pk-live-21.slatic.net/kf/Sebd6f307e7e6489186b7734b5fc8c4293.jpg,554665530-4-dc4805ee.jpg
https://pk-live-21.slatic.net/kf/Sdde823261fec4d98948aef137c4f6c0fg.jpg,554665530-5-cf43a136.jpg
https://pk-live-21.slatic.net/kf/S95ac2e85c06940c0b7d70760c2f0b33ev.jpg,554665530-6-4b13ad42.jpg
https://static-01.daraz.pk/p/bd0f9006faf6b4ddc03599241d7c2a3e.jpg,554665530-desc1-dbbefdd6.jpg
https://pk-live-21.slatic.net/kf/Scf3c3db2244f45c6b8354953f6608d694.jpg,554727955-1-c5851316.jpg
https://pk-live-21.slatic.net/kf/S8bdcf1aaf5044c89befa705b4170f303W.jpg,554727955-2-4618636d.jpg
https://pk-live-21.slatic.net/kf/S449fa4d7f2f94f4890d2dd2419b53e99U.jpg,554727955-3-91a09314.jpg
https://pk-live-21.slatic.net/kf/S10c2d1677b2546b398288cf5051eeadcn.jpg,554727955-4-16dc1ee7.jpg
https://pk-live-21.slatic.net/kf/S346f89b1f89c4f0d984ea2ce18e703dew.jpg,554727955-5-f60d6abb.jpg
https://pk-live-21.slatic.net/kf/Sfdaf4606069846049dd6f3697eb182f6i.jpg,554727955-6-a66e0282.jpg
https://pk-live-21.slatic.net/kf/S70db25cf894c4baa81c85afedc428412Z.jpg,554727955-desc1-e82cde43.jpg
https://pk-live-21.slatic.net/kf/Sf299729370864328986d50b350259412t.jpg,554727955-desc2-6d0d17e7.jpg
https://pk-live-21.slatic.net/kf/S3903bcefd84f48dd92d45a28f44647417.jpg,555330931-1-558fb9ba.jpg
https://pk-live-21.slatic.net/kf/S6299df79d90a4583a67f1c6534f85223B.jpg,555330931-2-2b7ad40d.jpg
https://pk-live-21.slatic.net/kf/Sd067a92392a3412ca133487c31866549W.jpg,555330931-3-d5addc4f.jpg
https://pk-live-21.slatic.net/kf/S4ea1e6160c824791949e22217425565cN.jpg,555330931-4-cb65d2db.jpg
https://pk-live-21.slatic.net/kf/See2d4226e75849a2adb6a04035679abdb.jpg,555330931-5-9972e94c.jpg
https://pk-live-21.slatic.net/kf/S2319eeb3d763439d9b49d2aab3c1fdfdW.jpg,555330931-6-02c82806.jpg
https://pk-live-21.slatic.net/kf/S33124ab09545454b98b433f489801cd9o.jpg,555330931-7-0a0e64b1.jpg
https://pk-live-21.slatic.net/kf/S8c508f915d9a4c9686c159525bd79f02w.jpg,555330931-desc1-1b5c984f.jpg
https://pk-live-21.slatic.net/kf/Sefe5650f613f4767b73f79130319fec25.jpg,555330931-desc2-ea173a61.jpg
https://pk-live-21.slatic.net/kf/S078d5b8a9ce349dfbcc5b74103700419o.jpg,555330931-desc3-821fd26d.jpg
https://pk-live-21.slatic.net/kf/S89f37a3bfa364d1e805046ff8ffcf001i.jpg,555330931-desc4-7d74ac94.jpg
https://pk-live-21.slatic.net/kf/S39a0cbc69a5a4cd686b05b75514a2546y.jpg,555330931-desc5-91b5061d.jpg
https://pk-live-21.slatic.net/kf/S03bdc6d8a8154e758ff196764ab35ee7s.jpg,555360271-1-6839805d.jpg
https://pk-live-21.slatic.net/kf/S5b8ad6d3d69947a4b3100985ad9ec8baI.jpg,555360271-2-4ee82995.jpg
https://pk-live-21.slatic.net/kf/Sdc957c1b44fb48929cc6f1310e06d8a7x.jpg,555360271-3-71145105.jpg
https://pk-live-21.slatic.net/kf/Sbf18a8e3081344158e203e9160d154dfP.jpg,555360271-4-b104f27d.jpg
https://pk-live-21.slatic.net/kf/Sb71277983e324f9a8dadeedbab7b313cW.jpg,555360271-5-92386da6.jpg
https://pk-live-21.slatic.net/kf/S99d4174e128f41f78224995f2d0da1b3i.jpg,555360271-6-3b731d90.jpg
https://pk-live-21.slatic.net/kf/S829648a80350466ca5980056d024e218T.jpg,555360271-desc1-c873515d.jpg
https://pk-live-21.slatic.net/kf/S63423f06d7ab4d75a9690fceaae6f00e0.jpg,555360271-desc2-1e653828.jpg
https://static-01.daraz.pk/p/8fec1162799a6ec8593265463e28796b.jpg,562952759-1-9d4e60cc.jpg
https://pk-live-21.slatic.net/kf/S645bc606370944b5be63566d274e8618t.jpg,562952759-2-52982811.jpg
https://pk-live-21.slatic.net/kf/Sa62df4633e634f03944a59978b8053b2v.jpg,562952759-3-3a6918da.jpg
https://pk-live-21.slatic.net/kf/S6ede1ba25e1a410683cfe595d1516eb85.jpg,562952759-4-9178375a.jpg
https://pk-live-21.slatic.net/kf/S91d3079fa4494ff38ba8542d746f82d8j.jpg,562952759-5-56b06537.jpg
https://static-01.daraz.pk/p/01349cc210c908e279f88b233d2f7b16.jpg,562952759-desc1-e29b6d7c.jpg
https://static-01.daraz.pk/p/554494f6f0b8be2a018f58cbf8dfb2cf.jpg,565318274-1-6cf939e5.jpg
https://pk-live-21.slatic.net/kf/Sb5c2d60c2a95483cabffe888a0f4fc7az.jpg,565318274-2-5d48d813.jpg
https://pk-live-21.slatic.net/kf/S8576ffa16e1b46f3a9c6d880b7d333f9C.jpg,565318274-3-628ccfe9.jpg
https://pk-live-21.slatic.net/kf/S9e7b4f8017934543b71e939ec795acfbS.jpg,565318274-4-d92613a2.jpg
https://pk-live-21.slatic.net/kf/Secfa12fe76844a89842d4557e76b76e9F.jpg,565318274-5-5c0665c0.jpg
https://pk-live-21.slatic.net/kf/S5521308966654ff1a8d504d12a9b781el.jpg,565318274-6-5e30836c.jpg
https://static-01.daraz.pk/p/9c64ac1db2d80e46c7a265d1e7f408dc.jpg,565318274-desc1-67fe8480.jpg
https://static-01.daraz.pk/p/eaec58fb1d2a5b295c559fd37e4e4d14.jpg,565327221-1-fcb23eb8.jpg
https://pk-live-21.slatic.net/kf/S6ac173a449844ec3a1c932be74c9c6eae.jpg,565327221-2-e78d7c09.jpg
https://pk-live-21.slatic.net/kf/S2900939af4184e0da083c3fb0c5a1c47l.jpg,565327221-3-b0c11fc1.jpg
https://pk-live-21.slatic.net/kf/S0eeaa308b8c6452aa9aa774bb89a4fcf9.jpg,565327221-4-bb4edbd3.jpg
https://pk-live-21.slatic.net/kf/S57a6f8c237ca48e497e05bd9c93a3809O.jpg,565327221-5-3f0e744d.jpg
https://pk-live-21.slatic.net/kf/Sce29564a92d84a7b838c47457792b744V.jpg,565327221-6-4611f616.jpg
https://static-01.daraz.pk/p/f010dda30c0dfa115eea759dba0d5285.jpg,565327221-desc1-2737f3b8.jpg
https://pk-live-21.slatic.net/kf/S7a0ab3f3ee06421984f3ae030a28fe4eO.jpg,565469788-1-3a710914.jpg
https://pk-live-21.slatic.net/kf/Sfac1d59568d54549adda0f0e0de51b1bX.jpg,565469788-2-e86fc5d4.jpg
https://pk-live-21.slatic.net/kf/Secc96f6d6be84b6ca3145c901ec0133fZ.jpg,565469788-3-56903990.jpg
https://pk-live-21.slatic.net/kf/Sff917a7f82e94660b32def8132d24958f.jpg,565469788-4-6837d792.jpg
https://pk-live-21.slatic.net/kf/S4644d90573194a3ebf4db6a95da20eaeD.jpg,565469788-5-1c9ed078.jpg
https://pk-live-21.slatic.net/kf/S2df7c1a616ad4e258bb3a0b111ed8f76C.jpg,565469788-6-828bd0d5.jpg
https://pk-live-21.slatic.net/kf/Sb664827afd064692b8b89c7564e8083ex.jpg,565469788-7-cd5ee291.jpg
https://pk-live-21.slatic.net/kf/S1c6cff7c21774d288b445408971a9c65b.jpg,565469788-8-ccc90bf2.jpg
https://static-01.daraz.pk/p/9c0655677792defe10651086a28d9d44.jpg,565469788-desc1-2663dc86.jpg
https://pk-live-21.slatic.net/kf/S791b1b55ba154d9cab80c41d3b8b6caa8.jpg,568340826-1-a567768d.jpg
https://pk-live-21.slatic.net/kf/S308d19e110ac46dfa23daac856b0e70dn.jpg,568340826-2-27004a2c.jpg
https://pk-live-21.slatic.net/kf/S819ed8cd596a47069564da44347adb20S.jpg,568340826-3-1b73f7c9.jpg
https://pk-live-21.slatic.net/kf/S3ddb54e658714521bf62aa1fa8f1ddcdn.jpg,568340826-4-4c2de5b8.jpg
https://pk-live-21.slatic.net/kf/Sd5065944d5bb4878a9609579f5242a3dp.jpg,568340826-5-40e461e1.jpg
https://pk-live-21.slatic.net/kf/S3d8421416d634530bff033be6c468573j.jpg,568340826-6-f80b3bd4.jpg
https://pk-live-21.slatic.net/kf/Sa55e751cbfca4b608407206fc9ebd05cL.jpg,568340826-7-976e03c6.jpg
https://pk-live-21.slatic.net/kf/Sc99c8d8291ea479cabde34090bec37dd0.jpg,568340826-8-a1a3ae84.jpg
https://pk-live-21.slatic.net/kf/Sb3b18ba66f884fd9ae6add1455c515fbL.jpg,568340826-desc1-be8e57bb.jpg
https://pk-live-21.slatic.net/kf/S9cb0c8fc97d7489a81ca915d55530576f.jpg,568340826-desc2-6a1db71d.jpg
https://pk-live-21.slatic.net/kf/S2e9fe2e149e0489ebc037ed3157aeaf1R.jpg,568340826-desc3-045401aa.jpg
https://pk-live-21.slatic.net/kf/S8c5a6548d60d455c9cba77d1ffc6cd91G.jpg,568386404-1-08008737.jpg
https://pk-live-21.slatic.net/kf/S6237443dad0e42ea86ff9577f10dff38o.jpg,568386404-2-38a848e4.jpg
https://pk-live-21.slatic.net/kf/S1b4b443216c74fbaa15c0502d47fa558H.jpg,568386404-3-ab4c90e9.jpg
https://pk-live-21.slatic.net/kf/Se178ac42c76440cdb388683399f71620y.jpg,568386404-4-c3c9de8a.jpg
https://pk-live-21.slatic.net/kf/S2fa22a72a6df4f41b76d0e450606f36ae.jpg,568386404-5-5c1ee0a1.jpg
https://pk-live-21.slatic.net/kf/S55526ba0c40a453a831842b8161e39fdZ.jpg,568386404-6-7a32d3cf.jpg
https://static-01.daraz.pk/p/8c3232d93b51bf629d033daed7d1fbad.jpg,568386404-desc1-a35f67a1.jpg
https://pk-live-21.slatic.net/kf/S3b02bf471ac648ea87bc3c363794e9c6x.jpg,572239726-1-1220173b.jpg
https://pk-live-21.slatic.net/kf/Sf89b189018ce40ed8fa4f680d15ef94cw.jpg,572239726-2-fc737450.jpg
https://pk-live-21.slatic.net/kf/Sab14c7c265b547e2bcb2c58ae7e7b24dm.jpg,572239726-3-53157c5c.jpg
https://pk-live-21.slatic.net/kf/S10b60ae72c784079ba6661fdc573cf40A.jpg,572239726-4-9b610315.jpg
https://pk-live-21.slatic.net/kf/Scf3ee297b60342d4bb0d191908e892e5C.jpg,572239726-5-f8f908e1.jpg
https://pk-live-21.slatic.net/kf/S86743ab045f34770969325c58da1e35ew.jpg,572239726-6-e7dc177f.jpg
https://pk-live-21.slatic.net/kf/S5be290735a37491e859759853ad179ecW.jpg,572239726-7-7e7a464d.jpg
https://static-01.daraz.pk/p/54e588225e899a2f968d17a243ee768f.jpg,572239726-wb-b3391a3e.jpg
https://pk-live-21.slatic.net/kf/S245762ee4d7d43819a70404b0bbe6c71t.jpg,572239726-desc1-433c4841.jpg
https://pk-live-21.slatic.net/kf/S55a880d19dce4c738a1c583132124240D.jpg,572239726-desc2-c31ffc62.jpg
https://pk-live-21.slatic.net/kf/S12e41cbfc97b457fae4cffab8356c3990.jpg,572239726-desc3-50a1c766.jpg
https://pk-live-21.slatic.net/kf/Scbc03732eaca4ba689ac0c142568f3f1r.jpg,572324682-1-e2a6c0c6.jpg
https://pk-live-21.slatic.net/kf/Se40b909c78a44d4a8e6174c6721d6708i.jpg,572324682-2-861107b4.jpg
https://pk-live-21.slatic.net/kf/S755b5ea6dff44fc998c4136e4c09b63dv.jpg,572324682-3-35561fe2.jpg
https://pk-live-21.slatic.net/kf/Se9ae05a1356945f1875a9cb3fc8d13b2u.jpg,572324682-4-005ef329.jpg
https://pk-live-21.slatic.net/kf/S4b76480cac6b40f1b8f07b9f71130185W.jpg,572324682-5-553bd9c1.jpg
https://pk-live-21.slatic.net/kf/S3ff51505620048ee97e37fed2f6464f34.jpg,572324682-desc1-5d2355da.jpg
https://pk-live-21.slatic.net/kf/S3cd5c59a181d4338bb979b5490b8f342R.jpg,572324682-desc2-adc613c8.jpg
https://pk-live-21.slatic.net/kf/S4da54df2ab1344fcbb14e5af2a7f440fe.jpg,573025376-1-92342286.jpg
https://pk-live-21.slatic.net/kf/S95219e93efd04b729a6d631a105544caM.jpg,573025376-2-320cd2e8.jpg
https://pk-live-21.slatic.net/kf/S2ce882d3aacd4535ac00480f4f585a0a0.jpg,573025376-3-a490e481.jpg
https://pk-live-21.slatic.net/kf/Sb157d84972a0425aa594e64e8183c90eg.jpg,573025376-4-62811d54.jpg
https://pk-live-21.slatic.net/kf/Sd77b6cf07888438bb6015e662bcf110ds.jpg,573025376-5-bf240d64.jpg
https://pk-live-21.slatic.net/kf/S103f43357150406f898b1b815b0d6774V.jpg,573025376-6-bdfab0a5.jpg
https://pk-live-21.slatic.net/kf/S72c466b1ecbf4790a767fd81245d0ad38.jpg,573025376-7-84a074f0.jpg
https://pk-live-21.slatic.net/kf/Sc0265a3bf3dc46cd87a581927bcb2915c.jpg,573025376-desc1-94fd2a77.jpg
https://pk-live-21.slatic.net/kf/S1748d9609aa64cb6bf99f62baefc2d85h.jpg,573025376-desc2-2c412a41.jpg
https://pk-live-21.slatic.net/kf/S0e9b3961946346cebad3de0034037634Q.jpg,573039262-1-cb7839a2.jpg
https://pk-live-21.slatic.net/kf/Seeac347913f84e3c87479069fa6e8fc82.jpg,573039262-2-58ee02e1.jpg
https://pk-live-21.slatic.net/kf/Sa09765e36ca24605a0d10f704b8572413.jpg,573039262-3-3b399fa7.jpg
https://pk-live-21.slatic.net/kf/S9646794b339b45ed9d70f17b2080fbf5E.jpg,573039262-4-2cb0cba1.jpg
https://pk-live-21.slatic.net/kf/S30912c32a4a0439994334a302dd007ed2.jpg,573039262-5-aefe42d1.jpg
https://pk-live-21.slatic.net/kf/Sc7991804f806468bafdbdc939ee00c7c9.jpg,573039262-6-7a5a7d6e.jpg
https://pk-live-21.slatic.net/kf/S49175372eaac450ebb7eb3964143149dN.jpg,573039262-7-923eb0be.jpg
https://pk-live-21.slatic.net/kf/Sc8bc99e508fd4ab4a0d088736c8513efc.jpg,573039262-desc1-d2dbb712.jpg
https://pk-live-21.slatic.net/kf/Sabd418abdc2d4a9fbd44a76925108db2y.jpg,573039262-desc2-51e3f21b.jpg
https://pk-live-21.slatic.net/kf/S51fe3240c8e349679622fb06a1450cacV.jpg,577247494-1-645293a0.jpg
https://pk-live-21.slatic.net/kf/S4bb644fe647d413dba325e27c811c2c4g.jpg,577247494-2-c9d26a37.jpg
https://pk-live-21.slatic.net/kf/Sd61ef0f327ca46688787fa14ba8b95b6q.jpg,577247494-3-8c670f38.jpg
https://static-01.daraz.pk/p/67073f294d3a1a993e70c05400af7b83.jpg,577247494-desc1-cd2d13e9.jpg
https://pk-live-21.slatic.net/kf/Scb32cc3e57244a1f99294c48b08409a6Z.jpg,579936731-1-ce0486e3.jpg
https://pk-live-21.slatic.net/kf/Scef05b0d733045379b8dfcfda51e87d84.jpg,579936731-2-36a0c3b6.jpg
https://pk-live-21.slatic.net/kf/Sb51900798a1a41debc5a3e6e0b83c360E.jpg,579936731-3-25a0ab0c.jpg
https://pk-live-21.slatic.net/kf/S0bb1b2211c654440b1aeabdbf34abb9cM.jpg,579936731-4-f817f270.jpg
https://pk-live-21.slatic.net/kf/S74a350098fee4367a684ec323225ed3cZ.jpg,579936731-5-11037520.jpg
https://static-01.daraz.pk/p/4b67b33835a4b926bd727a2ddeb177da.jpg,579936731-desc1-1bd73d6a.jpg
https://pk-live-21.slatic.net/kf/S351d1df978d74f1289d844a784432f82B.jpg,579940371-1-919b6d66.jpg
https://pk-live-21.slatic.net/kf/S12ecebc98c054d8c94f4edd508eedf41q.jpg,579940371-2-cb91a00f.jpg
https://pk-live-21.slatic.net/kf/Sc7b1f1bd048942e794dc90fb90203b73n.jpg,579940371-3-7d1e0b43.jpg
https://pk-live-21.slatic.net/kf/S01d8f4c9ffa140a7b94b75025f16255dX.jpg,579940371-4-842515f1.jpg
https://pk-live-21.slatic.net/kf/Se7da48e5aa1a4b3d943512cc30968850A.jpg,579940371-5-efeee2bd.jpg
https://pk-live-21.slatic.net/kf/S3e15291de4394ddcb174e4f8c8df0e60j.jpg,579940371-desc1-8566fd99.jpg
https://pk-live-21.slatic.net/kf/Se795dd69d9bc43c88a15386576033109q.jpg,579940371-desc2-287e48b1.jpg
https://pk-live-21.slatic.net/kf/S94e34d5b02e342559885c70a96177e5en.jpg,588038327-1-9a5f0c6f.jpg
https://pk-live-21.slatic.net/kf/Sb13a36032ea248518baef546d91a016eJ.jpg,588038327-2-10acfdf1.jpg
https://pk-live-21.slatic.net/kf/Sbc44440615e848e4a70aed053935c8c90.jpg,588038327-3-f75bd40e.jpg
https://pk-live-21.slatic.net/kf/Sa76f6c064c5d4e3c96f1a5130b4c2c8e5.jpg,588038327-4-f0bdc4c6.jpg
https://pk-live-21.slatic.net/kf/S2f164274e6ef4c9e85064c2d50366e43h.jpg,588038327-5-c5bcdcb3.jpg
https://pk-live-21.slatic.net/kf/S1719875989974b7b953ef9f3fe4fce4e9.jpg,588038327-desc1-002d5612.jpg
https://pk-live-21.slatic.net/kf/S88a070683a4c43969085769d673918c6x.jpg,588071221-1-840c4e8c.jpg
https://pk-live-21.slatic.net/kf/S9cc5b071bd5f4247b84346fd4af72419C.jpg,588071221-2-e41d9d01.jpg
https://pk-live-21.slatic.net/kf/S77ce1be1e45b4f9aad937444402cbc5e0.jpg,588071221-3-ca2072d5.jpg
https://pk-live-21.slatic.net/kf/Sf34fde48ad9949919051ec5fcc0316537.jpg,588071221-4-a392c8e8.jpg
https://pk-live-21.slatic.net/kf/S53d027c78bac482d9f5de20b6f5cbe80P.jpg,588071221-5-8cf8a34f.jpg
https://pk-live-21.slatic.net/kf/S2e67259fede3420097ff8572cb8d04e37.jpg,588071221-6-811fbc97.jpg
https://pk-live-21.slatic.net/kf/S777bc2da55a3437ba1b8b5ae244615b3G.jpg,588071221-7-ed0b7c3f.jpg
https://pk-live-21.slatic.net/kf/Sd2bc8cde28ee4fef94d1bab21111895b9.jpg,588071221-8-44684c2c.jpg
https://pk-live-21.slatic.net/kf/Sdd060e92e8514d368f171bbd0623e7546.jpg,588071221-desc1-b6997fd3.jpg
https://pk-live-21.slatic.net/kf/S906ec49d29ae4218a4721567715302756.jpg,588124624-1-48cb81ef.jpg
https://pk-live-21.slatic.net/kf/S574b4639f40c48e9b988892f3ea73410C.jpg,588124624-2-aab97690.jpg
https://pk-live-21.slatic.net/kf/S8a239b0aef974a3d90408c5ad905539aq.jpg,588124624-3-54c45234.jpg
https://pk-live-21.slatic.net/kf/S8a3946b71b3d402e8ad06d9d7c74f738N.jpg,588124624-4-c422445f.jpg
https://pk-live-21.slatic.net/kf/S86e9128e6c1045e1986d00262a0429beH.jpg,588124624-5-0089938c.jpg
https://pk-live-21.slatic.net/kf/Sf07b5f97a79e42dd906867733982caf2I.jpg,588124624-6-4f140f2d.jpg
https://pk-live-21.slatic.net/kf/Sea67ab4030eb44febe7f5774d2ec14190.jpg,588124624-7-56aaac1d.jpg
https://pk-live-21.slatic.net/kf/Sd6a05c2924f9420ca49ea43e837e96954.jpg,588124624-desc1-a72b8696.jpg
https://pk-live-21.slatic.net/kf/S14f10d2bb2a84daf8dbedf89effbc422O.jpg,588124624-desc2-9c3f5e8c.jpg
https://pk-live-21.slatic.net/kf/S25ad7fd49c904918bc62dda2ebfa80dcw.jpg,588942957-1-3b7f94b2.jpg
https://pk-live-21.slatic.net/kf/S34ae6676d9c8400e9cb811d8d2b20131V.jpg,588942957-2-318c0186.jpg
https://pk-live-21.slatic.net/kf/S333634424cf54324821bd7f41a91fc8fU.jpg,588942957-3-0dc9e821.jpg
https://pk-live-21.slatic.net/kf/Sf25578c4deab4cc5a2533bed30dd2deaT.jpg,588942957-4-eb98b13f.jpg
https://pk-live-21.slatic.net/kf/S94c261b5ea9645d2b472369ed4f42fffp.jpg,588942957-5-1bb6f489.jpg
https://pk-live-21.slatic.net/kf/Sdfd93572a93045ebb0f4898470682760X.jpg,588942957-6-30502f10.jpg
https://pk-live-21.slatic.net/kf/Sbf5e929cecaa4ccfa99961a448650e27e.jpg,588942957-7-41459971.jpg
https://pk-live-21.slatic.net/kf/S9a4633b80a6442e6af41cf9b234b342cu.jpg,588942957-8-b365854a.jpg
https://pk-live-21.slatic.net/kf/Sad751bed5724458c8a8bfba61a92037eG.jpg,588942957-desc1-3e718f04.jpg
https://pk-live-21.slatic.net/kf/Sae690dd2430241089632d5cf24ceac9ah.jpg,588979350-1-d350faca.jpg
https://pk-live-21.slatic.net/kf/Sf2813f5975eb4d5fb82679c9259e65d0b.jpg,588979350-2-f7ae33d5.jpg
https://pk-live-21.slatic.net/kf/S19174261079144d49ad598e3da8bdb35f.jpg,588979350-3-73362a82.jpg
https://pk-live-21.slatic.net/kf/S42328221cf7d46d38ea8b7e3e453fcb5u.jpg,588979350-4-311502ba.jpg
https://pk-live-21.slatic.net/kf/S1de30ababa2947c6af5e1a067fece0c1Z.jpg,588979350-5-c74af062.jpg
https://pk-live-21.slatic.net/kf/Sea9cd7d853a64d7db499bab8dc21a8190.jpg,588979350-6-e237d793.jpg
https://pk-live-21.slatic.net/kf/S0a64c9c981114feb866ee69cd04d79e5C.jpg,588979350-7-0ae217e0.jpg
https://pk-live-21.slatic.net/kf/Se6402d399ca945e1a71d479de1151989b.jpg,588979350-8-0ed2d412.jpg
https://pk-live-21.slatic.net/kf/Se0a639ff4cab412c9a1541a43c081e095.jpg,593622728-1-248b878f.jpg
https://pk-live-21.slatic.net/kf/S444703f36f124aefbcc9f2c811417b219.jpg,593622728-2-e38ee2bb.jpg
https://pk-live-21.slatic.net/kf/Sb1133d6f8948411d8ddc782d3ea80deag.jpg,593622728-3-174655e5.jpg
https://pk-live-21.slatic.net/kf/S967eb050d1ea490ba8340aaa6465d34cF.jpg,593622728-4-95d6cf24.jpg
https://pk-live-21.slatic.net/kf/S0696bde627c4411195bcdcd3215be53ag.jpg,593622728-5-9325f931.jpg
https://pk-live-21.slatic.net/kf/S2ddf4cf2e4ff428f9b64a3f855cb59d5T.jpg,593622728-6-825371a8.jpg
https://static-01.daraz.pk/p/e1cf0cb781b1801bd9f60f94af02a9d2.jpg,593622728-desc1-45dfa3d6.jpg
https://static-01.daraz.pk/p/ce791be34dbdfd7e9627fa755e92d15a.jpg,593622728-desc2-5ff0957e.jpg
https://static-01.daraz.pk/p/abae63f394aca6138d0eaef658f18a2d.jpg,593622728-desc3-5a6fd3e2.jpg
https://pk-live-21.slatic.net/kf/Sa3f83bb113ab48228e47d02f975e384am.jpg,593847080-1-87186991.jpg
https://pk-live-21.slatic.net/kf/See1a706139f8479ea358fdca89d4c8766.jpg,593847080-2-d9e804ab.jpg
https://pk-live-21.slatic.net/kf/S68940950e53445f789a85eaace11c1bcW.jpg,593847080-3-8d0e049a.jpg
https://pk-live-21.slatic.net/kf/Sd01a7e407cdf46468b189c4b64410572U.jpg,593847080-4-f23c8fb3.jpg
https://pk-live-21.slatic.net/kf/S9cdc8ec84f99403091c2bdaf68a08ddbY.jpg,593847080-5-dfa79151.jpg
https://pk-live-21.slatic.net/kf/Sa7a46123238f497896d60d605fac8083w.jpg,593847080-6-c657dbe5.jpg
https://pk-live-21.slatic.net/kf/S1f15edd45c0f40e188da59e50198fea1e.jpg,593847080-7-94280a0d.jpg
https://pk-live-21.slatic.net/kf/S62b1c31ecfaa4ca58e8eb409a8cbd8a34.jpg,593847080-desc1-e45a2390.jpg
https://pk-live-21.slatic.net/kf/Sd5d5206fd623440eaadc1e42f467cad2B.jpg,593847080-desc2-e7db77db.jpg
https://pk-live-21.slatic.net/kf/S6e0292f1fa6b41d8ab29c49460e9f300X.jpg,593847080-desc3-d43c074f.jpg
https://pk-live-21.slatic.net/kf/S59f440893f9a4ec19b6e454269850c83V.jpg,593917973-1-bb7307ea.jpg
https://pk-live-21.slatic.net/kf/S3f0cf55396f44235a1a2794fad80932f1.jpg,593917973-2-daf1df0a.jpg
https://pk-live-21.slatic.net/kf/S22f2cb7e2c144cd7a14b9c12d80debbcF.jpg,593917973-3-ff9cfe1f.jpg
https://pk-live-21.slatic.net/kf/S4fe7313dcd1945c4828021ff1045c231Z.jpg,593917973-4-8f76b30f.jpg
https://pk-live-21.slatic.net/kf/S7f0048e6d1c2452198278970034ea363M.jpg,593917973-5-9667ea94.jpg
https://pk-live-21.slatic.net/kf/S280ed3cba4dd488ca68c1e11d6ca3848Z.jpg,593917973-6-a4cb4785.jpg
https://pk-live-21.slatic.net/kf/S65893a608a844752a9157afcaf8e6fb8Q.jpg,593917973-7-a141ec32.jpg
https://pk-live-21.slatic.net/kf/Sa71eae834b8c4eb8a8b38331c34c5776v.jpg,593917973-8-1809c4a2.jpg
https://pk-live-21.slatic.net/kf/S2bf1d5aac99149c1a2d2643568ed7fe0G.jpg,593917973-desc1-8a6ee5e5.jpg
https://pk-live-21.slatic.net/kf/S2adcb6dc11ef4024b3334cdd43ff3e1dD.jpg,597222930-1-993dbac0.jpg
https://pk-live-21.slatic.net/kf/S348de86fe96e481494dbfe1179c19be81.jpg,597222930-2-fc281dc9.jpg
https://pk-live-21.slatic.net/kf/Sc4c2326fdc1f4df2921b959f0de12e56e.jpg,597222930-3-eb3edf59.jpg
https://pk-live-21.slatic.net/kf/S531c1991f811425fb78a3c5ee4ced9efb.jpg,597222930-4-169b0adc.jpg
https://pk-live-21.slatic.net/kf/S92ba0a40521d4fd99d657af7a7dbe596I.jpg,597222930-5-aac78264.jpg
https://pk-live-21.slatic.net/kf/Sbc447fb895cc4f75a96d80e45bffbbf2t.jpg,597222930-6-1615d56b.jpg
https://pk-live-21.slatic.net/kf/S154f2d053ca341bb87ef5319cb150964B.jpg,597222930-7-6bf37d2f.jpg
https://pk-live-21.slatic.net/kf/Sa9067edb0ea94242a5bb6c3adb1f9b89q.jpg,597222930-desc1-3ebc8700.jpg
https://pk-live-21.slatic.net/kf/S101bd31b0a37433a8cd120062562e4ace.jpg,597222930-desc2-e068dc6b.jpg
https://pk-live-21.slatic.net/kf/S63e424d5bcb84d28941462a3c3f63697h.jpg,597227883-1-a04a41fc.jpg
https://pk-live-21.slatic.net/kf/S93a3ea2aa6b149fa8a7b0dbad93767eea.jpg,597227883-2-6773c8d7.jpg
https://pk-live-21.slatic.net/kf/S0d8566fc161141e2928835e4203a0deb1.jpg,597227883-3-54b18379.jpg
https://pk-live-21.slatic.net/kf/S1bf12eaff67a485da053b01ccd9b1194s.jpg,597227883-4-2e888ffd.jpg
https://pk-live-21.slatic.net/kf/S9984111fdca743c0b73dba549a2a2f19H.jpg,597227883-desc1-5d15cae5.jpg
https://pk-live-21.slatic.net/kf/Scb9319bce2f148ae83bd0355135bdc765.jpg,597227883-desc2-2239f8e2.jpg
https://pk-live-21.slatic.net/kf/Sc2e5993d2776485893d8bcc48ee69cdaO.jpg,600119695-1-e4508bba.jpg
https://pk-live-21.slatic.net/kf/S545188308e5f4e60b060e860cd4afe392.jpg,600119695-2-c6548fe0.jpg
https://pk-live-21.slatic.net/kf/Sfee2cd9715224a3281ed16231d13e513n.jpg,600119695-3-80aa3dd2.jpg
https://pk-live-21.slatic.net/kf/Se664f08130a442d9a030329983c3a376a.jpg,600119695-4-13b59513.jpg
https://pk-live-21.slatic.net/kf/Sfd8a8bd127a14c4fa3eceed4f335ec43e.jpg,600119695-desc1-55371ba8.jpg
https://pk-live-21.slatic.net/kf/Sd2e6b230164846578702b0bc63498d33y.jpg,600119695-desc2-8766bd15.jpg
https://pk-live-21.slatic.net/kf/S327fe2f8db6f4b92991d0d92866627a4g.jpg,600119695-desc3-892f4c67.jpg
https://pk-live-21.slatic.net/kf/Sffda93b7c2e544a1a98c409d6f3df223R.jpg,600256208-1-87de6e6e.jpg
https://pk-live-21.slatic.net/kf/Sa1cdc4a51ad54409ae01bb806982e379g.jpg,600256208-2-373bf420.jpg
https://pk-live-21.slatic.net/kf/S52cae93bef1240fa8f0b6baa21751ca3I.jpg,600256208-3-5f8a623c.jpg
https://pk-live-21.slatic.net/kf/Sda2cde15db754425b555fb5863c3b202f.jpg,600256208-4-1be6d814.jpg
https://pk-live-21.slatic.net/kf/S6947ed445ddb4510afbfddad38dcc5039.jpg,600256208-5-5fa8e809.jpg
https://pk-live-21.slatic.net/kf/S3fc1825533d74196baba5d589400f958h.jpg,600256208-6-f154db3d.jpg
https://pk-live-21.slatic.net/kf/S3e736624e18b4ca79c9a85dacb8356bfd.jpg,600256208-7-9080332b.jpg
https://pk-live-21.slatic.net/kf/Seb67759829424f85a1fda0d8327cb092U.jpg,600256208-8-40e14b3b.jpg
https://pk-live-21.slatic.net/kf/S14e1b94e0d1d4e318f183ff89d9936a70.jpg,600256208-desc1-502bcc4a.jpg
https://pk-live-21.slatic.net/kf/Sa0425be8323f4a6c86c0e68018447760k.jpg,600256208-desc2-8ca94799.jpg
https://pk-live-21.slatic.net/kf/Se05a738a62c24833ba54dbced68de28aY.jpg,601422513-1-a600c035.jpg
https://pk-live-21.slatic.net/kf/Sed866ee34fc04957ba23a5ab572b715de.jpg,601422513-2-a361de2b.jpg
https://pk-live-21.slatic.net/kf/Sf152e911ded046e5a3637d02d1d9571dz.jpg,601422513-3-7a61319a.jpg
https://pk-live-21.slatic.net/kf/S82a238ce03ca4840b42cac062c828843n.jpg,601422513-4-4909826f.jpg
https://pk-live-21.slatic.net/kf/S6abfe1531b9d49c5a0c6c139647deb1eZ.jpg,601422513-5-130bd005.jpg
https://pk-live-21.slatic.net/kf/Sb4c77e43ebaf44fdbd2f9032c68c8f92Z.jpg,601422513-6-91fd18b3.jpg
https://pk-live-21.slatic.net/kf/Sda0a62b678ae4495871c38effc9b5359B.jpg,601422513-7-eb9ffb70.jpg
https://pk-live-21.slatic.net/kf/S220399bf15d84574ad7ed57c89dc14fcq.jpg,601422513-8-b47d2a06.jpg
https://static-01.daraz.pk/p/46fe26340e915bc2a36bbe2d4ffaddf9.jpg,601422513-desc1-ce9f8fcd.jpg
https://static-01.daraz.pk/p/8d0b063722edae2f519fd468ef01fb7b.jpg,601422513-desc2-4901529b.jpg
https://static-01.daraz.pk/p/c36b0b37c76682da02178ea62dd2dc12.jpg,601422513-desc3-f1a3e4dc.jpg
https://pk-live-21.slatic.net/kf/S2067ad415832406e9c55e47c8069cc88z.jpg,607181753-1-41796f96.jpg
https://pk-live-21.slatic.net/kf/Se569339adbf74040b7facc3e87c06f67c.jpg,607181753-2-d4dd21f5.jpg
https://pk-live-21.slatic.net/kf/S22ed89b2aba54295af813c1a7f9be444F.jpg,607181753-3-e752928b.jpg
https://pk-live-21.slatic.net/kf/S2f3be977f82c41b192531f160e253ec4N.jpg,607181753-4-0797ab4e.jpg
https://pk-live-21.slatic.net/kf/S2bce717416544484bfe78b568f76873bw.jpg,607181753-5-2b01634f.jpg
https://pk-live-21.slatic.net/kf/Sb2ce23a7c22d42a9988df56c86887175f.jpg,607181753-6-bdb90a5d.jpg
https://pk-live-21.slatic.net/kf/S77e4232458d743499ed8b3e04b42f002d.jpg,607181753-desc1-16170ca2.jpg
https://pk-live-21.slatic.net/kf/S8ff9872e8b6c4623a222e19ec0ed2041q.jpg,607181753-desc2-1eadcd78.jpg
https://pk-live-21.slatic.net/kf/S60e660abe454458e91311827f8ef383ag.jpg,607181753-desc3-7ddabb2c.jpg
https://pk-live-21.slatic.net/kf/S46763d605b684bf6a4a3e969a4b32628j.jpg,608561981-1-52ccd46c.jpg
https://pk-live-21.slatic.net/kf/Se9f47fe7b3764605b13e220d0e0c1f66n.jpg,608561981-2-881d9729.jpg
https://pk-live-21.slatic.net/kf/S960072ba73674cce81c8ada112f0bc1c7.jpg,608561981-3-4f168044.jpg
https://pk-live-21.slatic.net/kf/S07bb0a7b417a4ebaa84645496e94a363z.jpg,608561981-4-6cd45835.jpg
https://pk-live-21.slatic.net/kf/Scc55570de35946138c3ad38ab29362355.jpg,608561981-5-65898cbd.jpg
https://pk-live-21.slatic.net/kf/S3db47ef6c8c74b529da2c70bd7bde6b9p.jpg,608561981-6-ee66d33b.jpg
https://pk-live-21.slatic.net/kf/Sae24166777b74c698a3f2e21142e10cdK.jpg,608561981-7-0b20376d.jpg
https://pk-live-21.slatic.net/kf/Sdad9b677a52340c0acdd5e5b236c8e9fC.jpg,608561981-8-928993e7.jpg
https://pk-live-21.slatic.net/kf/S911a250b6cde479b807b0ff271251a1dd.jpg,608561981-desc1-e65cf6a9.jpg
https://pk-live-21.slatic.net/kf/Sab7eae22e5e948e187b20516edfcc330Y.jpg,608565913-1-25f9461e.jpg
https://pk-live-21.slatic.net/kf/Se497dd97dce9426fb8ecccbb609953ba6.jpg,608565913-2-346178cf.jpg
https://pk-live-21.slatic.net/kf/S8d7508f7f6d749128a469124c4ecbedbs.jpg,608565913-3-4c0aefa2.jpg
https://pk-live-21.slatic.net/kf/S0150e379b7044a5f993d78202df842f8w.jpg,608565913-4-dc122d4e.jpg
https://pk-live-21.slatic.net/kf/Sabb673fade2546979e372b6f2835e6e0p.jpg,608565913-5-2336b5b5.jpg
https://pk-live-21.slatic.net/kf/S3b83a161922a465aaae5fd74b8ef97cdQ.jpg,608565913-6-7d368473.jpg
https://pk-live-21.slatic.net/kf/S84b15b15b6bf4b59afb9e8b7186e684da.jpg,608565913-desc1-c6f08766.jpg
https://pk-live-21.slatic.net/kf/S8ec57a3e5cca476da30064838e33fb2fe.jpg,608565913-desc2-e1355c9a.jpg
https://pk-live-21.slatic.net/kf/S15561f70121f47519ef61d08035f100dI.jpg,609179564-1-c62b5271.jpg
https://pk-live-21.slatic.net/kf/Sb6f89698093c49fc94a9ed00cd1655df6.jpg,609179564-2-9ae45967.jpg
https://pk-live-21.slatic.net/kf/Sfb62108f59094477839e237929ff8ef6O.jpg,609179564-3-a679d054.jpg
https://pk-live-21.slatic.net/kf/S246617c9d41f4777abf3d28c337f85a1T.jpg,609179564-4-e49b00a3.jpg
https://pk-live-21.slatic.net/kf/S89019374fa1a4fff9954d913d7583007p.jpg,609179564-5-725cb2db.jpg
https://static-01.daraz.pk/p/01f74d395f1e4833fb4c923b789f4829.jpg,609179564-6-2f1a6586.jpg
https://static-01.daraz.pk/p/f03040d9024541a9229be08610f1b406.jpg,609179564-7-845b3ac5.jpg
https://static-01.daraz.pk/p/325d6bd36432da5e16ab34c53b6b1a92.jpg,609179564-desc1-1c0eda6b.jpg
https://static-01.daraz.pk/p/ba7ffdb9fdb0a946e265272915e0b924.jpg,609179564-desc2-affe52f7.jpg
https://pk-live-21.slatic.net/kf/S779b5ccdb8054065af9c0fcfc73e3645b.jpg,614614488-1-63fcd77a.jpg
https://pk-live-21.slatic.net/kf/S3289d382cc2e4abf8061df9a337be937A.jpg,614614488-2-74db4f0e.jpg
https://pk-live-21.slatic.net/kf/Scb1829431c904b4c95671881224f50a9X.jpg,614614488-3-b49d34cd.jpg
https://pk-live-21.slatic.net/kf/Sc903ba87e98a4841b953d849a464c64aD.jpg,614614488-4-6f97ac1f.jpg
https://pk-live-21.slatic.net/kf/S86adf0fd2ffe466fb22b3ab6fe597d09s.jpg,614614488-5-05dedacd.jpg
https://pk-live-21.slatic.net/kf/Sd3164a6c1c8d437c81c6d95da21cffe31.jpg,614614488-6-ba95ecd6.jpg
https://pk-live-21.slatic.net/kf/Sff227163b55b4b9fb1ae9b83770bed06e.jpg,614614488-7-d0febecf.jpg
https://pk-live-21.slatic.net/kf/Sf1b44d17d08b4c638d4a9b367a117660K.jpg,614614488-desc1-4fd8093b.jpg
https://pk-live-21.slatic.net/kf/S32e9ad43d3da47e2a119de630837a733y.jpg,614614488-desc2-f11d9ad9.jpg
https://pk-live-21.slatic.net/kf/S3a72e06ba4624540944d6a9c7683dee9R.jpg,614923957-1-2f96015e.jpg
https://pk-live-21.slatic.net/kf/S1f4d641622b147abb3e131a40b815365q.jpg,614923957-2-c541bab7.jpg
https://pk-live-21.slatic.net/kf/S5902c91025e2456da3aae8887c3e9218G.jpg,614923957-3-7af3dc35.jpg
https://pk-live-21.slatic.net/kf/Sbcc978d4f471448f80e96d78b399e0f1F.jpg,614923957-4-a9b1bc3e.jpg
https://pk-live-21.slatic.net/kf/S731bef049ad645fb9c27461ba119eb23H.jpg,614923957-5-5b761569.jpg
https://static-01.daraz.pk/p/1648e674c5075bca98692d37e92fd3f4.jpg,614923957-desc1-634745e9.jpg
https://pk-live-21.slatic.net/kf/Sd61ac679663f43fea1c5405356801338b.jpg,616167642-1-32a5b711.jpg
https://pk-live-21.slatic.net/kf/Sd2c7b449be34432eab401c3adce7c1d3d.jpg,616167642-2-40bb7b53.jpg
https://pk-live-21.slatic.net/kf/S80e1fefbfd9d48cab8f3ad7d094ccde8T.jpg,616167642-3-3076924c.jpg
https://pk-live-21.slatic.net/kf/S88d97ff7f8714352b679e3ae4baada53x.jpg,616167642-4-7534e602.jpg
https://pk-live-21.slatic.net/kf/S59e59ed70a204e54ad41ac51615c28c0a.jpg,616167642-5-ab892da7.jpg
https://pk-live-21.slatic.net/kf/Sf94373d117514aaa9576dbc005911b8dt.jpg,616167642-6-b8455677.jpg
https://pk-live-21.slatic.net/kf/S740e0509e8c245fb8a0d8a1e36b3629dn.jpg,616167642-7-c382ae2a.jpg
https://pk-live-21.slatic.net/kf/S5d93f5779d1b43c5be8d8edd182078321.jpg,616167642-desc1-3b95bd23.jpg
https://pk-live-21.slatic.net/kf/Sb6fb220b9a914507920244f4addace315.jpg,616167642-desc2-ab38175a.jpg
https://pk-live-21.slatic.net/kf/Sff21926366fc42a8b88ba7fe6a294c31A.jpg,618340609-1-a61e6bf9.jpg
https://pk-live-21.slatic.net/kf/S80a4c4e5e46a44648f1b4fdef93b22e0G.jpg,618340609-2-716cec7a.jpg
https://pk-live-21.slatic.net/kf/Sfdd3ee2eb27f4126a4654890192547bar.jpg,618340609-3-6036b43b.jpg
https://pk-live-21.slatic.net/kf/Se55c43d1c3924aab93867a571953a7dfW.jpg,618340609-4-b963a3e3.jpg
https://pk-live-21.slatic.net/kf/S2c7783d319544c16a42e00922a6ee52dP.jpg,618340609-5-fb45a430.jpg
https://pk-live-21.slatic.net/kf/S98ca67da205b4d7baebf7686d846f170d.jpg,618340609-6-95fa82cd.jpg
https://pk-live-21.slatic.net/kf/Sd3240f3b2cd443aca80d24a8dfcbf51fG.jpg,618340609-desc1-46e9bdb5.jpg
https://pk-live-21.slatic.net/kf/S7be2ddce945642c99fed4b97455b5586Z.jpg,618340609-desc2-f58639a1.jpg
https://pk-live-21.slatic.net/kf/Saf0abdcbc4a2445a8b1d87a868257794e.jpg,618465891-1-48f4a20a.jpg
https://pk-live-21.slatic.net/kf/S08015ad1f19442b1bbf40933069c37f1M.jpg,618465891-2-5928eb24.jpg
https://pk-live-21.slatic.net/kf/S2c5661d125a648c5a26cdd9bef726444q.jpg,618465891-3-298fd36e.jpg
https://pk-live-21.slatic.net/kf/Sa71e0e35399147a5baf3f6c53cf050e5J.jpg,618465891-4-e23c82db.jpg
https://pk-live-21.slatic.net/kf/Sb1e257894b3640b4927eccb85fd63761T.jpg,618465891-5-ba21608a.jpg
https://pk-live-21.slatic.net/kf/S0343f6e5de9b4d9eb3438967ed1238043.jpg,618465891-desc1-5510e8f0.jpg
https://static-01.daraz.pk/p/987aa427ed7b1051e0aa51d954f5d70a.jpg,618465891-desc2-31daea94.jpg
https://pk-live-21.slatic.net/kf/S64ce47d453204c8199e41af8f50a8af6K.jpg,620053065-1-4cc74d34.jpg
https://pk-live-21.slatic.net/kf/Sd37746b6b4844db786f070f3b875c716l.jpg,620053065-2-e72d97f8.jpg
https://pk-live-21.slatic.net/kf/Sb2cb0d937a1943e6841e02a9b909688cO.jpg,620053065-3-9e35ca2c.jpg
https://pk-live-21.slatic.net/kf/S5f3d87bb2b9f4921b0536e91d4a97dedc.jpg,620053065-4-16673933.jpg
https://pk-live-21.slatic.net/kf/S726d98c0bbd74cafb21dd5447d7597d89.jpg,620053065-5-d841a453.jpg
https://pk-live-21.slatic.net/kf/Sedbf5700343747b4a5b8085727ef5e25O.jpg,620053065-6-9765bf7d.jpg
https://pk-live-21.slatic.net/kf/Sf5b4b6eee049440dbfd6f8775c4d03edY.jpg,620053065-7-890f65d6.jpg
https://pk-live-21.slatic.net/kf/S55772862389d425492be634bc65573e4D.jpg,620053065-8-8b8a8d36.jpg
https://pk-live-21.slatic.net/kf/S016c014133064449badf05e3829fc925E.jpg,620053065-desc1-ac685009.jpg
https://pk-live-21.slatic.net/kf/S0cb437e7ca554d9d8117a8b8ab04f9709.jpg,620053065-desc2-fbdbd351.jpg
https://pk-live-21.slatic.net/kf/Sffed33c37c10437aa6eb1f4f7bd9b434q.jpg,622276649-1-9ff96e8c.jpg
https://pk-live-21.slatic.net/kf/S4ad1943101db451b8055cbc0d98d084ed.jpg,622276649-2-55a691c0.jpg
https://pk-live-21.slatic.net/kf/Sfc75ed1298b840fdbb7782665f855e33S.jpg,622276649-3-ad3e2ebb.jpg
https://pk-live-21.slatic.net/kf/S64215ea7017d459597cf48ded11983cfE.jpg,622276649-4-9517f945.jpg
https://pk-live-21.slatic.net/kf/S58b67c2d74344a45bee3a35b17c2ba46j.jpg,622276649-desc1-364a263a.jpg
https://pk-live-21.slatic.net/kf/Sb25cd18555ad4a8d86f28657561fbacaj.jpg,622276649-desc2-90c0c86b.jpg
https://pk-live-21.slatic.net/kf/S453caad6a94648dcb41a6d6bac8ec4b5l.jpg,622291603-1-559e14bc.jpg
https://pk-live-21.slatic.net/kf/Sdc0228290ad74c97bf339182025a9a663.jpg,622291603-2-0875b6d2.jpg
https://pk-live-21.slatic.net/kf/S0bcc86af3b5641c1aabcb2e6fcb07d68Q.jpg,622291603-3-3669c77a.jpg
https://pk-live-21.slatic.net/kf/S218fca409a5c49c28bc9c0e28b54968fm.jpg,622291603-4-a0234c5e.jpg
https://pk-live-21.slatic.net/kf/S5d4efdac3293405a851a8a7e15b3aa56R.jpg,622291603-5-4d617429.jpg
https://pk-live-21.slatic.net/kf/S7cc41a1dc3ff4a45a8e77a0275d2facdJ.jpg,622291603-6-cd6c39fe.jpg
https://pk-live-21.slatic.net/kf/S7c9c5e1379744d67ba6bb0e16812277dS.jpg,622291603-desc1-00c0fedd.jpg
https://pk-live-21.slatic.net/kf/S9c2744ff59684d1e9230a6c403192fe1g.jpg,622291603-desc2-d86e5f7c.jpg
https://pk-live-21.slatic.net/kf/S6bdb26c5564d480985706ef1ffd35492E.jpg,622291603-desc3-9d4bd826.jpg
https://pk-live-21.slatic.net/kf/S66bf019c33ae487b97a8971e2db8c0efl.jpg,627806877-1-ba6a80b3.jpg
https://pk-live-21.slatic.net/kf/S1745966aaf094a4792e9472b9a73719es.jpg,627806877-2-1863fd47.jpg
https://pk-live-21.slatic.net/kf/S412821e3987e49ea86b1b9ea3e7846e4e.jpg,627806877-3-353f1108.jpg
https://pk-live-21.slatic.net/kf/Sefb9183ef2e546308aa0a378bc543247o.jpg,627806877-4-c44b50f2.jpg
https://pk-live-21.slatic.net/kf/Sb92a86a920484d79b3c3ad6de6209ccch.jpg,627806877-5-fb3b9f93.jpg
https://pk-live-21.slatic.net/kf/Sb4a1de8937f0491a9d4f70e557cd3c44z.jpg,627806877-6-a9fbcee3.jpg
https://pk-live-21.slatic.net/kf/S6439651cf6404ad9954c0ced6590b731f.jpg,627806877-desc1-216ff2ff.jpg
https://pk-live-21.slatic.net/kf/S0ba85dcca39443ffae6fdf6063d3c667L.jpg,627806877-desc2-5933c292.jpg
https://pk-live-21.slatic.net/kf/Se5e06a2e8bdb4effbb17356b3e1927a6B.jpg,627952031-1-8c5e6dd2.jpg
https://pk-live-21.slatic.net/kf/S7e5fbac00bbe4d75a0a30c107d696cd8v.jpg,627952031-2-0392667f.jpg
https://pk-live-21.slatic.net/kf/Sf668501463e9432eb430b6669a037fe0c.jpg,627952031-3-b857ed9d.jpg
https://pk-live-21.slatic.net/kf/Sdd223524ab834437a56d0dd28a23f64al.jpg,627952031-4-aa1061ac.jpg
https://pk-live-21.slatic.net/kf/S625184065b5345bbacf9df7c37c0852er.jpg,627952031-5-1204e8ec.jpg
https://pk-live-21.slatic.net/kf/S4bd0f4651ef04f2d8e3d0cbdd0162b5al.jpg,627952031-desc1-460a030c.jpg
https://pk-live-21.slatic.net/kf/S992515d2a57044c3a2e508df5dc912202.jpg,627952031-desc2-6490316a.jpg
https://pk-live-21.slatic.net/kf/S3f48a09f8ff74e38899f4f988818ef21B.jpg,628042097-1-1261bf52.jpg
https://pk-live-21.slatic.net/kf/S8f6fbbbe5bc748d595f028aa6075aaddm.jpg,628042097-2-25a9255b.jpg
https://pk-live-21.slatic.net/kf/S493b3c2fc6af4106b99b20c40bc2eb337.jpg,628042097-3-3c70193c.jpg
https://pk-live-21.slatic.net/kf/S9486568b4fa64cc998dfe476136b8affQ.jpg,628042097-4-6068c8f2.jpg
https://pk-live-21.slatic.net/kf/S8adb231e2b914391874324636064134eq.jpg,628042097-5-5712a4c2.jpg
https://pk-live-21.slatic.net/kf/S51932afe39ac4704a3157e25a22d39b5B.jpg,628042097-6-27692f1d.jpg
https://static-01.daraz.pk/p/1bb99938fca3cee2962049c5498885c0.jpg,628042097-desc1-bafee43b.jpg
https://static-01.daraz.pk/p/c49d82ec9d02a0407f1f6b989341aa81.jpg,628042097-desc2-22ddb229.jpg
https://pk-live-21.slatic.net/kf/S6ab2e527964d4edf8cd65ebbef989517l.jpg,628541538-1-f9a0701a.jpg
https://pk-live-21.slatic.net/kf/Sba4471a79d1b4a95a6d8a450ab0e1075D.jpg,628541538-2-a744c44c.jpg
https://pk-live-21.slatic.net/kf/Sac5ece330b604ef3a4897458cf5a83048.jpg,628541538-3-566eb15e.jpg
https://pk-live-21.slatic.net/kf/S5a14fb47131d48fa8c345a72ac99f12fd.jpg,628541538-4-0c87eef5.jpg
https://pk-live-21.slatic.net/kf/Seee510f2b9da41e4baab84de8841f0fbE.jpg,628541538-5-f587641d.jpg
https://pk-live-21.slatic.net/kf/S21ec3b5e4cee4056b8ec4889beac1b40o.jpg,628541538-desc1-68a75f16.jpg
https://pk-live-21.slatic.net/kf/S66ee45b5df56452f989a96574b462148M.jpg,628541538-desc2-2649220d.jpg
https://pk-live-21.slatic.net/kf/Sd6b025481fde4fb0aced568fa2fbd8e0f.jpg,628541538-desc3-16dd90e6.jpg
https://pk-live-21.slatic.net/kf/S0ff1159fe2dc45aeb437002458210e11x.jpg,628541538-desc4-686f771a.jpg
https://pk-live-21.slatic.net/kf/S432329cfffea4d079ebd2bf1349dad4ex.jpg,628553443-1-cb6ca884.jpg
https://pk-live-21.slatic.net/kf/S7856d3be7f7d47079d251b63e21ce52dM.jpg,628553443-2-8ef3f612.jpg
https://pk-live-21.slatic.net/kf/Sde6cd95a56ea4d01ae1fdf5bd5056701m.jpg,628553443-3-042d84ac.jpg
https://pk-live-21.slatic.net/kf/S9b8d3d33ead84586a9095b699189ba63H.jpg,628553443-4-699725f3.jpg
https://pk-live-21.slatic.net/kf/S1c24265c697843e5813f645469bbe9d0m.jpg,628553443-5-da8af113.jpg
https://static-01.daraz.pk/p/f7775db7a6de84cc59ed13b5c3686dc7.jpg,628553443-desc1-c2bc3ba2.jpg
https://static-01.daraz.pk/p/68a3c7a8a1b8305a41f0aa0ba857108a.jpg,628553443-desc2-7ddd3a7a.jpg
https://pk-live-21.slatic.net/kf/Sfac1409c826c41a083fd4a83cc7f914b4.jpg,634062973-1-27093a13.jpg
https://pk-live-21.slatic.net/kf/S3486fd5ffbfb4628aee0e10dd5e676dao.jpg,634062973-2-c887e45b.jpg
https://pk-live-21.slatic.net/kf/Sdd94120fdf3e4e65b8d8e361a0e7cd74U.jpg,634062973-3-5ea2efcd.jpg
https://pk-live-21.slatic.net/kf/S1c991816a0084f2782f97e4a0f190aaeY.jpg,634062973-4-a1bdf763.jpg
https://pk-live-21.slatic.net/kf/Scc6d1abd1bc74751b81f7df06b708bb4A.jpg,634062973-5-050d931e.jpg
https://pk-live-21.slatic.net/kf/S633b153309c44915b5d7e1af65e924689.jpg,634062973-desc1-a24efd85.jpg
https://pk-live-21.slatic.net/kf/S4949bad36a9d43159a129a59dde56dafc.jpg,634062973-desc2-2e51a7ff.jpg
https://pk-live-21.slatic.net/kf/Sa8ed8ed5663842dcb52f1cbfe257117f3.jpg,634182011-1-8b35faaa.jpg
https://pk-live-21.slatic.net/kf/S814ddf3c758f4e31877cb45901bc8c24L.jpg,634182011-2-27994075.jpg
https://pk-live-21.slatic.net/kf/Sf5e4486520074c6792744c966908a7fa1.jpg,634182011-3-a085409e.jpg
https://pk-live-21.slatic.net/kf/S093ef167a344422a8c1bc333030567d4T.jpg,634182011-4-adef529c.jpg
https://pk-live-21.slatic.net/kf/Se6ee5ffef2304e5b96bd4852924b606cd.jpg,634182011-5-14a95efa.jpg
https://pk-live-21.slatic.net/kf/S2fac8a7a04724961aeb3871b69a7cc97x.jpg,634182011-6-d4abb503.jpg
https://pk-live-21.slatic.net/kf/S59ff768917574846a9a49711f38d3329l.jpg,634182011-7-992be932.jpg
https://static-01.daraz.pk/p/1c3643e0735eb885545ba0b7ec30452f.jpg,634182011-desc1-8668893b.jpg
https://static-01.daraz.pk/p/54374dd816e046e046f356ece5b520e4.jpg,634182011-desc2-acabcef4.jpg
https://static-01.daraz.pk/p/a9e68b680cfc3326ca481a684906ba32.jpg,634182011-desc3-8d4c399c.jpg
https://static-01.daraz.pk/p/48b926d1dbe8e5ae92159fc8cf53346c.jpg,634182011-desc4-9061307f.jpg
https://static-01.daraz.pk/p/a73abb21fdba4c74ef27c648b26c390d.jpg,634182011-desc5-c61ea984.jpg
https://pk-live-21.slatic.net/kf/Sc3f73eaa54184a5a9bccaa499445b7d5O.jpg,635438813-1-8d8555ac.jpg
https://pk-live-21.slatic.net/kf/S6c2e3dd180424598b7eab37d755f6275U.jpg,635438813-2-717d5d23.jpg
https://pk-live-21.slatic.net/kf/Sdc2f004d477543e28073a22c381f0161S.jpg,635438813-3-1cb3c9c3.jpg
https://pk-live-21.slatic.net/kf/S43deb6401dd343a7b281ae647ec3af90Q.jpg,635438813-4-8be4b5fd.jpg
https://pk-live-21.slatic.net/kf/S2457c94eb1fe4436b62c6ed1cc2e69308.jpg,635438813-5-e878b39b.jpg
https://pk-live-21.slatic.net/kf/Sfc8ffd01054c491681f9dbc129c083dbf.jpg,635438813-desc1-ef3afe86.jpg
https://pk-live-21.slatic.net/kf/S5c92f14d810a4d64835d4f5f6c520f93P.jpg,635438813-desc2-427d4f3a.jpg
https://pk-live-21.slatic.net/kf/Sd9b6c3f880e74e47b3907388144f4951C.jpg,635529992-1-e02801e5.jpg
https://pk-live-21.slatic.net/kf/S689fa9aef1cd4830a36e27056b9b553eX.jpg,635529992-2-f541ec8a.jpg
https://pk-live-21.slatic.net/kf/S8b90187c8d694be9a25b8ab6cdc7bf39j.jpg,635529992-3-f8e4bc1e.jpg
https://pk-live-21.slatic.net/kf/Se6d327ac89044abbb60e02e019c70c2eY.jpg,635529992-4-e33b0b99.jpg
https://pk-live-21.slatic.net/kf/Sce9d4697e8b3492aad330b4dbe9c8d98k.jpg,635529992-5-60c8a470.jpg
https://pk-live-21.slatic.net/kf/S0e14045b112c4bd59b1f98fdbb4259408.jpg,635529992-6-ddb899e3.jpg
https://pk-live-21.slatic.net/kf/S10d7bd0708814793a6ed15d516d58aa3K.jpg,635529992-7-bc6d72bb.jpg
https://static-01.daraz.pk/p/2321eb8d282de9d64e865de88f28d5dd.jpg,635529992-desc1-594c130e.jpg
https://pk-live-21.slatic.net/kf/Seaa958006cf04243b75ea244bf435720p.jpg,637538558-1-4e5e7597.jpg
https://pk-live-21.slatic.net/kf/S5dab3d7440ee45218ca8b12c9e4fbaefd.jpg,637538558-2-b09ae5f1.jpg
https://pk-live-21.slatic.net/kf/S656e26e16ae54804b57ad5cd4474d9ecX.jpg,637538558-3-a92098a7.jpg
https://pk-live-21.slatic.net/kf/S425dab558c5e49ceb65d3c0184cd5020i.jpg,637538558-4-9376fcfe.jpg
https://pk-live-21.slatic.net/kf/S6a24f0c618224d7b8cc62a9daed14f002.jpg,637538558-5-96a2b998.jpg
https://pk-live-21.slatic.net/kf/S7b40303640f249c7b872340cfb748aa5P.jpg,637538558-6-ce89123c.jpg
https://pk-live-21.slatic.net/kf/S9af0634acc874ac3afe1f9cc11cf9ee3j.jpg,637538558-desc1-e946e9c3.jpg
https://pk-live-21.slatic.net/kf/Sab9304102366460a81f8652ee7994f18r.jpg,638036581-1-0b7bdd67.jpg
https://pk-live-21.slatic.net/kf/S3e6285e3807940c58feecdffa8f80b2fj.jpg,638036581-2-6a70d327.jpg
https://pk-live-21.slatic.net/kf/S41f694b9f9f64804906fa7f987df9ee0I.jpg,638036581-3-14a47de1.jpg
https://pk-live-21.slatic.net/kf/Sb6f6fba090e74c7f803762ccc6e4408dk.jpg,638036581-4-2fdf2abb.jpg
https://pk-live-21.slatic.net/kf/S37becaba89aa450191b442e6b86c3c60P.jpg,638036581-5-f3f6575a.jpg
https://pk-live-21.slatic.net/kf/S11cb649795f2410d937bbfbe7f9e782fV.jpg,638036581-6-2ceefd0f.jpg
https://pk-live-21.slatic.net/kf/Sa0ed6a14b1ae44b1a72854d04e036728k.jpg,638036581-desc1-439593a2.jpg
https://pk-live-21.slatic.net/kf/S0c2ee1a9d19248d49559716317b24735r.jpg,638036581-desc2-4e08f7ce.jpg
https://pk-live-21.slatic.net/kf/S1a9a8a5ed31347a09d56b85efb0edbc0X.jpg,638036581-desc3-0b38369f.jpg
https://pk-live-21.slatic.net/kf/Sd8c46f2be26242cf90913f363e2e6f19K.jpg,638036604-1-14a7c588.jpg
https://pk-live-21.slatic.net/kf/S442d920e74a04ca9bb3c0392b3505472K.jpg,638036604-2-b361ed63.jpg
https://pk-live-21.slatic.net/kf/S6d57d2a3533f433386127963c64daa3bU.jpg,638036604-3-54b2863b.jpg
https://pk-live-21.slatic.net/kf/S3198193f578b40599a255ff2a54685403.jpg,638036604-4-03ad7910.jpg
https://pk-live-21.slatic.net/kf/S30ace12dde1c44e8b0b68df5c0e175c8z.jpg,638036604-5-98fc5ac5.jpg
https://pk-live-21.slatic.net/kf/S2d818c3514cd47b3abb3e36b98bd9988o.jpg,638036604-6-e6fd1fe6.jpg
https://pk-live-21.slatic.net/kf/S9a169f2df46c41958d42f5908fb18a123.jpg,638036604-7-4bdfed07.jpg
https://pk-live-21.slatic.net/kf/S81afa0b7617545fd93e6b7edc8c9fd2eP.jpg,638036604-desc1-2abcaba8.jpg
https://pk-live-21.slatic.net/kf/Sa5a69564e598407a94d76d3de1e1448dG.jpg,638036604-desc2-826f6151.jpg
https://pk-live-21.slatic.net/kf/Sf47d6832ae8e429b8d414cf1aa9399c9W.jpg,638036604-desc3-b86b6efa.jpg
https://pk-live-21.slatic.net/kf/S1d284413fdf7494fae422bcb644a5ded0.jpg,638036604-desc4-44b2f6fe.jpg
https://pk-live-21.slatic.net/kf/S58d34a4757bd4ed08dac9700a9c1bdfbs.jpg,640721534-1-c28d1959.jpg
https://pk-live-21.slatic.net/kf/Sbfaf7480d2bd4d369d7338f15271bf41a.jpg,640721534-2-ca63e5a4.jpg
https://pk-live-21.slatic.net/kf/S537752916c734b1f87922337369fabdbA.jpg,640721534-3-28dd0686.jpg
https://pk-live-21.slatic.net/kf/Sc68626132a254e149b966d0907fd9f45A.jpg,640721534-4-d9a97580.jpg
https://pk-live-21.slatic.net/kf/S212f2199ed144148ace5d343ee8b7b8al.jpg,640721534-desc1-57be17c3.jpg
https://pk-live-21.slatic.net/kf/S9d6438c955874dc6afa1c8a528caaa02g.jpg,641633951-1-db3369ec.jpg
https://pk-live-21.slatic.net/kf/Sab984398b6df4c85bd0f6cae569b3d67H.jpg,641633951-2-b8b90b4a.jpg
https://pk-live-21.slatic.net/kf/Seb987bc7610f458187aeec12e4aedf4aN.jpg,641633951-3-cb9e6f1e.jpg
https://pk-live-21.slatic.net/kf/Sf2d054ff49f647daa9cf7f7f63c15476X.jpg,641633951-4-b3fc9cec.jpg
https://pk-live-21.slatic.net/kf/Se9fa2a1836ae482aae31e0ebd963883a0.jpg,641633951-5-d9acb9b7.jpg
https://pk-live-21.slatic.net/kf/S95ca511635a64d9b872953186dcdb129h.jpg,641633951-6-c079e93e.jpg
https://pk-live-21.slatic.net/kf/S89406c67eb3348b9a2d8bf57d4618183l.jpg,641633951-7-99149024.jpg
https://pk-live-21.slatic.net/kf/Sf2329f4f1bd74a75913dfa4435533e7cC.jpg,641633951-desc1-2c4afd47.jpg
https://pk-live-21.slatic.net/kf/S0aa84284e9da4811b330c8118dadc96bh.jpg,641633951-desc2-c2e8dd50.jpg
https://pk-live-21.slatic.net/kf/S6288f1d6cc6d40e098ab60e33bee4af0Z.jpg,641633951-desc3-56ce92ec.jpg
https://pk-live-21.slatic.net/kf/Seab3d08311a14a1ea9cf0c77001c4558P.jpg,645017634-1-6ae0bac7.jpg
https://pk-live-21.slatic.net/kf/S4ed0c0f5c5e14e979243f9ef3d63ca9ee.jpg,645017634-2-761067d1.jpg
https://pk-live-21.slatic.net/kf/S9e3452732af648359c80339cf9fec682x.jpg,645017634-3-67c10ce9.jpg
https://pk-live-21.slatic.net/kf/Sdc4a1179ac9d4f9b895c15029f8fcd8ci.jpg,645017634-4-a4a314bb.jpg
https://pk-live-21.slatic.net/kf/S7fd538312cf9468cb7ad0a1556d78d7dp.jpg,645017634-5-404e394e.jpg
https://pk-live-21.slatic.net/kf/S3d12047101ef4278a1042c186a9a7209g.jpg,645017634-6-3e54d821.jpg
https://pk-live-21.slatic.net/kf/S4a51b41dbf584c87afb08ea3c26b7cc9r.jpg,645017634-7-b04a925e.jpg
https://pk-live-21.slatic.net/kf/Sbab123a73ead4fea8713df3244cc16fei.jpg,645017634-desc1-8b591b56.jpg
https://pk-live-21.slatic.net/kf/S19b87b720d0d4ea988de03e34a42edfa1.jpg,645017634-desc2-d58c63b6.jpg
https://pk-live-21.slatic.net/kf/Scacfef9c1a4a4296964360baeee2b2f0d.jpg,645061138-1-74388bda.jpg
https://pk-live-21.slatic.net/kf/Sc311d58aa8e349859c84b36746bba475U.jpg,645061138-2-2d86dc83.jpg
https://pk-live-21.slatic.net/kf/S073b3773fe664e2ba2165ad2be1ca1c81.jpg,645061138-3-e0f03407.jpg
https://pk-live-21.slatic.net/kf/S4f580eaf469c48ffb8ce08ce92333b089.jpg,645061138-4-36b4dcc9.jpg
https://pk-live-21.slatic.net/kf/S4c5a1c915a724cc3aae7ec23db19d127r.jpg,645061138-5-cad759f4.jpg
https://pk-live-21.slatic.net/kf/S7e10939f41f242f0a9a78102a636c972J.jpg,645061138-6-db142b82.jpg
https://pk-live-21.slatic.net/kf/S4854c564181e483695a2451396b775c9c.jpg,645061138-7-c3c57ef8.jpg
https://pk-live-21.slatic.net/kf/Sa41191d71f48466ebe5b251f73ab1451B.jpg,645061138-desc1-9df0b57a.jpg
https://pk-live-21.slatic.net/kf/Sf92f52aa6e6b48e1a41f535003c1f409v.jpg,645061138-desc2-4a211b6f.jpg
https://pk-live-21.slatic.net/kf/S8c3570d316154feaae55fa5fb0215d59I.jpg,645852471-1-e75ec43d.jpg
https://pk-live-21.slatic.net/kf/S43b239905b67404f85396110dd900a14p.jpg,645852471-2-676ebe5f.jpg
https://pk-live-21.slatic.net/kf/S6367c6f4223841f8a2af1be94b4d89daz.jpg,645852471-3-0f18ab2e.jpg
https://pk-live-21.slatic.net/kf/S93f68ba71ea245d0bc22c1868fdce1acn.jpg,645852471-4-30912443.jpg
https://pk-live-21.slatic.net/kf/Scf364562746246ee8bccc0e3f1da89d9l.jpg,645852471-5-01f093b7.jpg
https://pk-live-21.slatic.net/kf/S191f8a3c313445698ed713e9e7cc0c1eV.jpg,645852471-6-4ae760b6.jpg
https://pk-live-21.slatic.net/kf/Sae100fab12cc45709895214c5978f8d2Y.jpg,645852471-desc1-b7fb40e1.jpg
https://pk-live-21.slatic.net/kf/S4e931295e3564ef9aba683641f756dbf2.jpg,649193771-1-c723ec7f.jpg
https://pk-live-21.slatic.net/kf/S150b94e6f28a4fe9b2cd6c2dc9583591n.jpg,649193771-2-7320f607.jpg
https://pk-live-21.slatic.net/kf/S4c8e4bfbaedf4bff86eb714e5ed0fea4B.jpg,649193771-3-daffbbcb.jpg
https://pk-live-21.slatic.net/kf/Sb7e0ff80b06b438d8d63b68ecb692b83b.jpg,649193771-4-58a4acff.jpg
https://pk-live-21.slatic.net/kf/Sc10fead2f1b348c080f8310da06a10a5n.jpg,649193771-5-26c8ac2e.jpg
https://pk-live-21.slatic.net/kf/Sfd2c0d12a8c14b1da2344bf4f2bf8013v.jpg,649193771-6-0fba7f3d.jpg
https://pk-live-21.slatic.net/kf/S825b16cbf4d545edaa4bca877c5d595eN.jpg,649193771-7-c9e8d409.jpg
https://pk-live-21.slatic.net/kf/Sbc3f69c7cf944f5d8874af100be4a3a74.jpg,649193771-desc1-a6862631.jpg
https://pk-live-21.slatic.net/kf/Sab59025b6f2d4023a9d9665f1574a495G.jpg,649193771-desc2-0d4640e8.jpg
https://pk-live-21.slatic.net/kf/S448eb045e2064b4c842a07b9b28499dd0.jpg,649530987-1-8329c9f1.jpg
https://pk-live-21.slatic.net/kf/Sa3d91ac7bad642bb88cf5bc3571231b0q.jpg,649530987-2-19a5132d.jpg
https://pk-live-21.slatic.net/kf/Sedbd281573474057b0c3cd78babeceafl.jpg,649530987-3-a4050f56.jpg
https://pk-live-21.slatic.net/kf/S35badd74c35e417098720902e266b371j.jpg,649530987-4-e976074d.jpg
https://pk-live-21.slatic.net/kf/S3303f5eea2934ab6b485ec9927826d585.jpg,649530987-5-69d719dd.jpg
https://pk-live-21.slatic.net/kf/S7513c25acc9845b4ab1e255ec7fe2f42D.jpg,649530987-6-d7498809.jpg
https://pk-live-21.slatic.net/kf/S4bc10e7143da4fb29af34d38d2170021g.jpg,649530987-7-34430d3a.jpg
https://pk-live-21.slatic.net/kf/Se89c0bf7c545422dad055438ddf85082V.jpg,649530987-desc1-d79660be.jpg
https://pk-live-21.slatic.net/kf/S3c2efce7f3dc4570afef216369468aa4T.jpg,649530987-desc2-80be5431.jpg
https://pk-live-21.slatic.net/kf/S4103cac25bc64437955506f031b5bf2fn.jpg,649593004-1-2a5356bd.jpg
https://pk-live-21.slatic.net/kf/S527225f5d365413185ea76716aba6e74c.jpg,649593004-2-12abed4f.jpg
https://pk-live-21.slatic.net/kf/S80849f563eab4f32aa9388937ac3b97fQ.jpg,649593004-3-e2a98915.jpg
https://pk-live-21.slatic.net/kf/Sb5bfdfcc96f84a6c9f2f791308656617N.jpg,649593004-4-702a836b.jpg
https://pk-live-21.slatic.net/kf/Sead9de42cac84d0da61ea1d9bb2cf020r.jpg,649593004-5-aa0fca51.jpg
https://pk-live-21.slatic.net/kf/S08e221937d0242388730a21f44f209a3A.jpg,649593004-6-0ce8d743.jpg
https://pk-live-21.slatic.net/kf/Sd49bdba924cb43f6804013dfdcd683c61.jpg,649593004-7-dab285ab.jpg
https://pk-live-21.slatic.net/kf/S7f55dabb452e4bcb81d6d1938bc401f0K.jpg,649593004-8-542b4024.jpg
https://pk-live-21.slatic.net/kf/S0bc81acb15294c4fb781d824225ee38dI.jpg,649593004-desc1-8f4a3e1e.jpg
https://pk-live-21.slatic.net/kf/Se73c735fcc0d4c30b4873ae11fe5055bR.jpg,649593004-desc2-fe41167b.jpg
https://pk-live-21.slatic.net/kf/Sb74e8290ba8642e1a5455ebbde798430C.jpg,649593004-desc3-33a75004.jpg
https://pk-live-21.slatic.net/kf/Sef64db0e8ef4432799f4fceaf81474e0j.jpg,649622441-1-08b3bc05.jpg
https://pk-live-21.slatic.net/kf/S45abad45a68b46819a36b53cfe1f44f5f.jpg,649622441-2-fe0d1054.jpg
https://pk-live-21.slatic.net/kf/S641530f2fc844cdf93571933c44c7ae4O.jpg,649622441-3-68ceb7b0.jpg
https://pk-live-21.slatic.net/kf/S522a7faac187424cbab2ec5aa3d1ac764.jpg,649622441-4-d9bf00ec.jpg
https://pk-live-21.slatic.net/kf/Sa1e1edea5a0f4207a993159f772225ddI.jpg,649622441-5-4a1f1cd8.jpg
https://pk-live-21.slatic.net/kf/S1947c2bd604a48f4a4b782fd15a0c0a7f.jpg,649622441-6-c04ab599.jpg
https://pk-live-21.slatic.net/kf/S2dbaf78843674a2f82b8af191df34b6eJ.jpg,649622441-7-b4080e57.jpg
https://pk-live-21.slatic.net/kf/S0252ee3ed4404d83adce95811281fdb1h.jpg,649622441-8-6910c2b7.jpg
https://pk-live-21.slatic.net/kf/S6754055c3795434ca384d8e40fa0dd3b7.jpg,649622441-desc1-e5baed16.jpg
https://pk-live-21.slatic.net/kf/Sd646588f71ad42708fd1bf139f3adf99W.jpg,649622441-desc2-b2099ec2.jpg
https://pk-live-21.slatic.net/kf/S273a91f92045416096588efd210fb1b9d.jpg,649622441-desc3-625198c4.jpg
https://pk-live-21.slatic.net/kf/Sdb334bfe917346ee8a4640f2536efd3ah.jpg,658784742-1-c0dd4b9f.jpg
https://static-01.daraz.pk/p/b1434f8dede3af369b31c1155f3dc733.jpg,658784742-wb-c24a6176.jpg
https://pk-live-21.slatic.net/kf/Sdc1953927ccf422ca442d9b1189c750dp.jpg,658784742-desc1-94f1599c.jpg
https://pk-live-21.slatic.net/kf/S925a505da85743aebc838a67ef2f65a0v.jpg,658784742-desc2-5801dc2d.jpg
https://pk-live-21.slatic.net/kf/Sff44ff1c93c64e7bac097cc440532638x.jpg,658791521-1-b8f3af7a.jpg
https://pk-live-21.slatic.net/kf/S1de77b60835f47dba92fd371148bd4eah.jpg,658791521-2-725a7ee8.jpg
https://pk-live-21.slatic.net/kf/Sca8d20f2864f4d47b7c613949f4ab5a2v.jpg,658791521-3-782fd494.jpg
https://pk-live-21.slatic.net/kf/S9311324739ad4cd6982783fb44866d3eo.jpg,658791521-4-b7959a81.jpg
https://pk-live-21.slatic.net/kf/S7bff93b56b3c46adbdd4e03561c2dd28r.jpg,658791521-5-49de953b.jpg
https://pk-live-21.slatic.net/kf/S6cf0deb32c42435996049cb5f36cdbafO.jpg,658791521-desc1-d7a19c77.jpg
https://pk-live-21.slatic.net/kf/S9bfa7bb8f5854a13986c102e3d9ac5bf3.jpg,658791521-desc2-c5cf6b11.jpg
https://pk-live-21.slatic.net/kf/S060d80ebca0f47559ef04b003c2026ba2.jpg,661159208-1-84ea1dca.jpg
https://pk-live-21.slatic.net/kf/S9c42ef30918b4e33bee2f1d2ca95bbb8r.jpg,661159208-2-5cd8ca5a.jpg
https://pk-live-21.slatic.net/kf/S3ea55ec18e894c7f9e77108e00ae4cf0J.jpg,661159208-3-a7f7a0f3.jpg
https://pk-live-21.slatic.net/kf/S46285360d7c44ba7be1499eef89f304cY.jpg,661159208-4-13fee61e.jpg
https://pk-live-21.slatic.net/kf/Se6a35dfeaab649a89627e46d3ae9482cf.jpg,661159208-5-8c9b5ae2.jpg
https://pk-live-21.slatic.net/kf/Sd85f2f6a9cb5472d9149746f68cb0c873.jpg,661159208-6-97f3946c.jpg
https://pk-live-21.slatic.net/kf/S43326ec9ebae47608fff15fbfd948561v.jpg,661159208-desc1-8c26de59.jpg
https://pk-live-21.slatic.net/kf/S608207b840874cf08dd842d25ef7b3e12.jpg,661159208-desc2-0ddbc578.jpg
https://pk-live-21.slatic.net/kf/S3675b56099944562a85f5d3a065c0f9bX.jpg,661159208-desc3-483d75f1.jpg
https://pk-live-21.slatic.net/kf/Sddf34d878d2c4ad7b216a1c846446db3e.jpg,661638241-1-f1328e72.jpg
https://pk-live-21.slatic.net/kf/S0719aece14c44b57b20219182aa4de69a.jpg,661638241-2-34a6f81d.jpg
https://pk-live-21.slatic.net/kf/Sfa507d92102044418f54f8ca48493dabL.jpg,661638241-3-a18395b2.jpg
https://pk-live-21.slatic.net/kf/Se7303d177648402a8333446bd55440bd9.jpg,661638241-4-db912289.jpg
https://pk-live-21.slatic.net/kf/S0932e94b448f4f47a6165164009b92b8s.jpg,661638241-5-91494f32.jpg
https://pk-live-21.slatic.net/kf/S497f5e5f426d40adab0a3583f305bdaeM.jpg,661638241-desc1-1a528cb7.jpg
https://pk-live-21.slatic.net/kf/Sb69d2a43685143b197462b90c46809562.jpg,661638241-desc2-358af268.jpg
https://pk-live-21.slatic.net/kf/S082fa0dd06444a17931cdb9501d3f9edi.jpg,661962676-1-95852118.jpg
https://pk-live-21.slatic.net/kf/S14130b26423b4680b21ca167f1e4b150W.jpg,661962676-2-5110dba5.jpg
https://pk-live-21.slatic.net/kf/Saef79f5c268a45088565891c6323d19ev.jpg,661962676-3-81140847.jpg
https://pk-live-21.slatic.net/kf/S5a2c995c25694cc986019f47970bbcd3G.jpg,661962676-4-ed746629.jpg
https://pk-live-21.slatic.net/kf/S1a0602b755db4205874dcba366acb5afN.jpg,661962676-5-a35dbaf9.jpg
https://pk-live-21.slatic.net/kf/Sc27c5f2b48244ed7bb9efdf39258494ey.jpg,661962676-6-7561ccd8.jpg
https://pk-live-21.slatic.net/kf/S7e6c4c21187a4839aadd719e5f843fec8.jpg,661962676-7-2a11e18e.jpg
https://pk-live-21.slatic.net/kf/S43d8a17c1e564996ae1d2f8be7e971c7C.jpg,661962676-8-2c8561f2.jpg
https://pk-live-21.slatic.net/kf/S6dc059253d704cd99209e6b00c0436b11.jpg,661962676-desc1-911c5cb4.jpg
https://pk-live-21.slatic.net/kf/S15c08792287e4546a163c5eb4fae7b8bW.jpg,661962676-desc2-9103a4a9.jpg
https://pk-live-21.slatic.net/kf/S8b54f9bbaa2e43c2bf4ffceaee7aca74y.jpg,661962676-desc3-83c3b0d2.jpg
https://pk-live-21.slatic.net/kf/See626e8056204d4085ff746f51fa2083e.jpg,665125100-1-d7e8e14c.jpg
https://pk-live-21.slatic.net/kf/S4fa73680f73b409894cd819133567447D.jpg,665125100-2-a6915ef0.jpg
https://pk-live-21.slatic.net/kf/S3e0e5e453b1942e5ad5efd5089ba708aG.jpg,665125100-3-cbdd44e6.jpg
https://pk-live-21.slatic.net/kf/S18b27c8eec1242a69fe9e73536980670d.jpg,665125100-4-c3465d71.jpg
https://pk-live-21.slatic.net/kf/S25329271539b49418e1605e830e4d65f0.jpg,665125100-5-a1049687.jpg
https://pk-live-21.slatic.net/kf/Sb16eeb33e3224a45a594ab9e84330da9j.jpg,665125100-6-5f887d96.jpg
https://pk-live-21.slatic.net/kf/Sc40108dbd56e472683b96419e4b63f41F.jpg,665125100-desc1-ae227dc1.jpg
https://pk-live-21.slatic.net/kf/S0860315f9bf84df6bb5dda8dce0d66a1V.jpg,665125100-desc2-14fd76bd.jpg
https://pk-live-21.slatic.net/kf/Sb644634a11c64952908e63ff72846d01p.jpg,665133152-1-11752357.jpg
https://pk-live-21.slatic.net/kf/Sc23cbbbe84114388b8ae0a0648bd6f473.jpg,665133152-2-0945570a.jpg
https://pk-live-21.slatic.net/kf/Sbca0bbdbb7b7450a89c9cd1e6247f9feH.jpg,665133152-3-cb5c7656.jpg
https://pk-live-21.slatic.net/kf/S1eb250db80a645c9a59920416ad72f74K.jpg,665133152-4-c24d2664.jpg
https://pk-live-21.slatic.net/kf/S6d041be648d6410cb82eb5302f05f910n.jpg,665133152-5-d9ce9271.jpg
https://pk-live-21.slatic.net/kf/Sc9808d0f36a540f2af5003f96d1e79f3V.jpg,665133152-6-53545a61.jpg
https://pk-live-21.slatic.net/kf/Sac031788dff14b869864a9b10b81b59bW.jpg,665133152-desc1-2066a1b7.jpg
https://pk-live-21.slatic.net/kf/S11cb2883900a4b1f9e4e542e67cbd187n.jpg,665140155-1-1019ffef.jpg
https://pk-live-21.slatic.net/kf/Se87b06c5377e430b80a412c6252ec1e4s.jpg,665140155-2-a45ffba1.jpg
https://pk-live-21.slatic.net/kf/S7c0df8fa80c142058f386cce28561801Y.jpg,665140155-3-2e35ea29.jpg
https://pk-live-21.slatic.net/kf/S5ba0772a35e9497597a5c77a98589523T.jpg,665140155-4-b74f57b4.jpg
https://pk-live-21.slatic.net/kf/S30cee1a9a4ec45448849b77a9883b221Q.jpg,665140155-5-056cbec6.jpg
https://pk-live-21.slatic.net/kf/S87d1d6a8affb4568bffeb1f095df8f457.jpg,665140155-desc1-7d85a421.jpg
https://pk-live-21.slatic.net/kf/S7a70248f91ae4324a8458a72ed4b3a6cn.jpg,665140155-desc2-f7bfbd23.jpg
https://pk-live-21.slatic.net/kf/Saa70bf95e9e2488ba69d8d31f1036c5cH.jpg,665900385-1-82d06af2.jpg
https://pk-live-21.slatic.net/kf/S7ef7ec6791f64d5984e0d4ce60f179c5Z.jpg,665900385-2-a0033845.jpg
https://pk-live-21.slatic.net/kf/Sbf0f1c97ebdd409cbe06ff4ff3f553da5.jpg,665900385-3-f0cdfde3.jpg
https://pk-live-21.slatic.net/kf/S641a7fea3fee4fbf8eb98c7c359153b4P.jpg,665900385-4-6ca2b612.jpg
https://pk-live-21.slatic.net/kf/S059ca445467c4bedaaedbc78d21b3f66s.jpg,665900385-5-4bafd11d.jpg
https://pk-live-21.slatic.net/kf/Sa878b20ef71542689106c61e67555fa5y.jpg,665900385-6-aeeb3393.jpg
https://pk-live-21.slatic.net/kf/S0b64a8d6b659484991415a333bc5b924l.jpg,665900385-7-dec7fdc5.jpg
https://pk-live-21.slatic.net/kf/Sdb286bcb211b48999613b165833c25c9F.jpg,665900385-desc1-845bb23f.jpg
https://pk-live-21.slatic.net/kf/Sa751f32b9b9842b0a7170aa0e9878852E.jpg,665900385-desc2-f8b3aedc.jpg
https://pk-live-21.slatic.net/kf/Sa9b000100d7a46b59461e77be42804c8Y.jpg,665900385-desc3-6695ef3b.jpg
https://pk-live-21.slatic.net/kf/S60ec6ba5c63341658d65709259786514R.jpg,665950093-1-8e9cb2d4.jpg
https://pk-live-21.slatic.net/kf/S6bd2fa5a82db44d4812c07c50042ef88j.jpg,665950093-2-2e5514a4.jpg
https://pk-live-21.slatic.net/kf/S4b9a6e02b2494525a17fa4988cab050fz.jpg,665950093-3-741a6cda.jpg
https://pk-live-21.slatic.net/kf/Sd43d2efafaf84612b9b7d66d83da0adfk.jpg,665950093-4-1872cfa6.jpg
https://pk-live-21.slatic.net/kf/S35244a0a46214d6088660c82ad8ba43aL.jpg,665950093-5-f448eeb0.jpg
https://pk-live-21.slatic.net/kf/Sacc8c7d6918f49cb80ce901f6f46584fX.jpg,665950093-6-86478c29.jpg
https://pk-live-21.slatic.net/kf/Sa5ff40abccdb4acd829fe33c0f213ba7V.jpg,665950093-7-3ef7d94e.jpg
https://pk-live-21.slatic.net/kf/S48b6e9957b7f45c8b823c82680b7ea28H.jpg,665950093-desc1-d156753a.jpg
https://pk-live-21.slatic.net/kf/S9350e26e07a241adb14ba5be1a536c20Z.jpg,665950093-desc2-a933f4f9.jpg
https://pk-live-21.slatic.net/kf/Scd4078758eec4a44bca975181eb83f31y.jpg,665950093-desc3-38284aa3.jpg
https://pk-live-21.slatic.net/kf/S7a426db9bb5d46598917188654522d06N.jpg,665950093-desc4-62701c58.jpg
https://pk-live-21.slatic.net/kf/Safceb35549d1456dac62e120731ad61bZ.jpg,666206639-1-4edc8cf8.jpg
https://pk-live-21.slatic.net/kf/S29e15d741f4a4922a72bdb69e9d83f44N.jpg,666206639-2-1f121f2d.jpg
https://pk-live-21.slatic.net/kf/Saad780568c6a4ce5a6e04f631ffa6dfdz.jpg,666206639-3-a3442b3f.jpg
https://pk-live-21.slatic.net/kf/S06bdbcff22cf4ba39fa2cf3e44ede133N.jpg,666206639-4-3020d8a2.jpg
https://pk-live-21.slatic.net/kf/S33cf379ca08f44e2b47e0ac1c562faebX.jpg,666206639-5-980f7cc5.jpg
https://pk-live-21.slatic.net/kf/S330b8cbec0f3423ca79c004a777991b4w.jpg,666206639-desc1-585345e1.jpg
https://pk-live-21.slatic.net/kf/Sfab03248b578431b86891791d4a961ffI.jpg,666206639-desc2-33b1dca9.jpg
https://pk-live-21.slatic.net/kf/S1392e3d7908f414b963752886c97e68d4.jpg,666566099-1-89b93cfc.jpg
https://pk-live-21.slatic.net/kf/S68bb2f386e31446e94dca2589e6168baY.jpg,666566099-2-81ecaaac.jpg
https://pk-live-21.slatic.net/kf/S1e38a7ec94994838806a4a57abcbb452L.jpg,666566099-3-8b93ea32.jpg
https://pk-live-21.slatic.net/kf/S5616b11a5b90406d9777b755736fdd4bg.jpg,666566099-4-e2265f52.jpg
https://pk-live-21.slatic.net/kf/S58060acad3e24d379ebc9deb04948875X.jpg,666566099-5-1b2cb89e.jpg
https://pk-live-21.slatic.net/kf/Sa0697cbc747f4f388e37310b7fc70c23V.jpg,666566099-desc1-48938600.jpg
https://pk-live-21.slatic.net/kf/S763fd3208a8d4ead9ce975672523c4b7Y.jpg,666599976-1-e8dc0d80.jpg
https://pk-live-21.slatic.net/kf/S312f45639d7942548635f8764f87afeaM.jpg,666599976-2-c8bb7283.jpg
https://pk-live-21.slatic.net/kf/Sd1f787f9154248fe9f0654a08589a19ax.jpg,666599976-3-edc697fa.jpg
https://pk-live-21.slatic.net/kf/S138947e4eaa24ead96370af69f26b5c1x.jpg,666599976-4-7c4d1c38.jpg
https://pk-live-21.slatic.net/kf/S2fbf339a6d67482fa98be539e1b545b7B.jpg,666599976-5-b61c0653.jpg
https://pk-live-21.slatic.net/kf/Scd653bcf0edf4cd7a84ff661581d6adcc.jpg,666599976-desc1-2741587b.jpg
https://pk-live-21.slatic.net/kf/S1a219e2e4dec44a29f77ac7e0fabc168q.jpg,666599976-desc2-0dd11453.jpg
https://pk-live-21.slatic.net/kf/S093e10121dac4e34939289142df2e1c27.jpg,669816179-1-9fc9a60f.jpg
https://pk-live-21.slatic.net/kf/Sb7c629facc124074b26c0cd15ec33df2r.jpg,669816179-2-8d2d8274.jpg
https://pk-live-21.slatic.net/kf/S5abeaca0f7b64384acbc6ae7ed8a0beed.jpg,669816179-3-e81792b9.jpg
https://pk-live-21.slatic.net/kf/Se63c30ad9d6d4c0eba3b01fd942e9d87s.jpg,669816179-4-e1630887.jpg
https://pk-live-21.slatic.net/kf/S3a6789915e2e4fc6af18cf7ddb53d831a.jpg,669816179-desc1-5bd05359.jpg
https://pk-live-21.slatic.net/kf/Sb153e02b02e34618be8d92b4680e8317P.jpg,669816289-1-2f2ca57d.jpg
https://pk-live-21.slatic.net/kf/Sfc0ceeb515f746dcba41e45546b06701Q.jpg,669816289-2-7127803e.jpg
https://pk-live-21.slatic.net/kf/S0b8eddd239dc42e6997e85e6f95b26570.jpg,669816289-3-d0549957.jpg
https://pk-live-21.slatic.net/kf/Sb34118bf05344976b9a00ddd7cfb64e4b.jpg,669816289-4-70642baf.jpg
https://pk-live-21.slatic.net/kf/Sed5d016a410c47a9984d5950f1c9316b7.jpg,669816289-5-e71233cd.jpg
https://pk-live-21.slatic.net/kf/S40fc14499fbb475690288004b19a3a3aQ.jpg,669816289-6-cc13c53f.jpg
https://pk-live-21.slatic.net/kf/S1adc90d98c0c4375a9497e4f9296456af.jpg,669816289-7-23b5ec0a.jpg
https://pk-live-21.slatic.net/kf/S55ab3508eea847d2a2df6734c1e0d572J.jpg,669816289-8-ca4ce769.jpg
https://pk-live-21.slatic.net/kf/S9003553d9ae64ee7b3277347dc2cb0c3X.jpg,669816289-desc1-e6886278.jpg
https://pk-live-21.slatic.net/kf/Sd3f03eb74ec14d21bb679b7df3abdd27d.jpg,793000559-1-d9febb00.jpg
https://pk-live-21.slatic.net/kf/S6a507831a29544e0919131ebab18d946j.jpg,793000559-2-beb7728d.jpg
https://pk-live-21.slatic.net/kf/Sacb0d2101b0645e59c78415b401949c4N.jpg,793000559-3-df172ed6.jpg
https://pk-live-21.slatic.net/kf/S367be8d0954e4461abf982c977531443m.jpg,793000559-4-fd530c7c.jpg
https://pk-live-21.slatic.net/kf/S6700b621f0e34e1fa62a9495ea87d511W.jpg,793000559-5-1cca719c.jpg
https://pk-live-21.slatic.net/kf/S314c32287231430a809e370a414ee57fJ.jpg,793000559-6-5e174c5c.jpg
https://pk-live-21.slatic.net/kf/S4d0165d831854ac1b639003e2290f2afN.jpg,793000559-7-2db13b80.jpg
https://pk-live-21.slatic.net/kf/S10a97372fd694ef08991f63325166595F.jpg,793000559-8-4ac52e14.jpg
https://pk-live-21.slatic.net/kf/Sad8c9395317e4406b4b4c458cd6eb532B.jpg,793000559-desc1-cb60bcce.jpg
https://pk-live-21.slatic.net/kf/Sed19e3dc71ed4885a542a7f53cfacd7fr.jpg,806890083-1-e0ea24b1.jpg
https://pk-live-21.slatic.net/kf/S97209903202a445ba29975ee9bbba1bby.jpg,806890083-2-fd3d9a7e.jpg
https://pk-live-21.slatic.net/kf/Sff2d70fac5e049209e0df77f855f196dv.jpg,806890083-3-89100e4b.jpg
https://pk-live-21.slatic.net/kf/S1e00bb0c1ec145ee88f24985bdec1c56M.jpg,806890083-4-c0835e36.jpg
https://pk-live-21.slatic.net/kf/Sa02725a6da3148239d785fc53b676992w.jpg,806890083-5-33e26c91.jpg
https://pk-live-21.slatic.net/kf/Sfabaf92eebf646b5888fb2def59acad3T.jpg,806890083-6-c141cdc9.jpg
https://pk-live-21.slatic.net/kf/S2e65931907804b96b585468b52b8d0f0W.jpg,806890083-7-527d509f.jpg
https://pk-live-21.slatic.net/kf/S24da5a1de2264063926eb7bfd0bdb375O.jpg,806890083-desc1-424b84e2.jpg
https://pk-live-21.slatic.net/kf/S1fd00a89fd0b45fb974f4034a2f8c9d7j.jpg,806890083-desc2-6b987548.jpg
https://pk-live-21.slatic.net/kf/S0a5f6e62638446319c01e803bd102e54D.jpg,806890083-desc3-58793420.jpg
https://pk-live-21.slatic.net/kf/S24fcdd8ffc574a8b8de7bdc0a20ed032G.jpg,817739628-1-ec9960b2.jpg
https://pk-live-21.slatic.net/kf/S7e95876feff147b8a7c4ebacfb7725a8F.jpg,817739628-2-4eb8d3f9.jpg
https://pk-live-21.slatic.net/kf/S26d600670c5d4aaab66155f108e32fc89.jpg,817739628-3-0796440c.jpg
https://pk-live-21.slatic.net/kf/S0d391fd597854ad19ef6316e7e293135c.jpg,817739628-4-0ea9574d.jpg
https://pk-live-21.slatic.net/kf/S2f6b8341be23408cb9e3d16940f89b66R.jpg,817739628-5-60cd3cd8.jpg
https://pk-live-21.slatic.net/kf/S030e71c869824d5d91abe2c7323f1defl.jpg,817739628-desc1-5b42e240.jpg
https://pk-live-21.slatic.net/kf/S4a1ce63525fb4b57bba7749eb6b7cf46S.jpg,817739628-desc2-29d82c29.jpg
https://pk-live-21.slatic.net/kf/Sb1c85a8361f040f9884b573db0388b51E.jpg,817762605-1-f7a7e95a.jpg
https://pk-live-21.slatic.net/kf/S48d9672a20064230a36a2e33f39a8968X.jpg,817762605-2-ebca9f92.jpg
https://pk-live-21.slatic.net/kf/Scbc461cf3b134d398a7013877a52778a7.jpg,817762605-3-786f33c3.jpg
https://pk-live-21.slatic.net/kf/S2e2cbff7e42645038aa0e90eab2e361fW.jpg,817762605-4-ff63bc78.jpg
https://pk-live-21.slatic.net/kf/S7e14c36e7cde4dedac7cca12ac9cc3c7C.jpg,817762605-5-84945667.jpg
https://pk-live-21.slatic.net/kf/Sa460b2bebfd243f1bc570f4b04f86de3w.jpg,817762605-6-4bfe1d6f.jpg
https://pk-live-21.slatic.net/kf/S7cf1325f3ce14d5ca0bab71d27f821271.jpg,817762605-7-7a9ad0aa.jpg
https://pk-live-21.slatic.net/kf/S6f502a025671439b97d28dae4ef0d549O.jpg,817762605-desc1-e65a68cf.jpg
https://pk-live-21.slatic.net/kf/S8c72f8516fd6479f9ea1ccbbf5c7349fl.jpg,817762605-desc2-56c256fd.jpg
https://pk-live-21.slatic.net/kf/Se054a6be5a15417eafa0cd48b0c48032L.jpg,817762605-desc3-ec8b1b1d.jpg
https://pk-live-21.slatic.net/kf/Sd8a22bc202624fe6b7bd09919ed7ab074.jpg,827861149-1-8e9cd66d.jpg
https://pk-live-21.slatic.net/kf/S672949a33de446ed8a47171abce0a03bk.jpg,827861149-2-ee78dab8.jpg
https://pk-live-21.slatic.net/kf/S41791eedd4c049bea1c0b337df896ad7Q.jpg,827861149-3-23a81360.jpg
https://pk-live-21.slatic.net/kf/Sa30d50b6723741a7aeddb85bc41a090aW.jpg,827861149-4-a6cd5246.jpg
https://pk-live-21.slatic.net/kf/S556a0297209b44f8bb583b4c1b979a60F.jpg,827861149-5-ab6393f3.jpg
https://pk-live-21.slatic.net/kf/Sccb6cf7ae79541458a5bc49c4c84b6bb6.jpg,827861149-6-ff1b3daa.jpg
https://pk-live-21.slatic.net/kf/Sdb92f9ab991a4558b9e6a7637db9d6fcl.jpg,827861149-7-59f35f75.jpg
https://pk-live-21.slatic.net/kf/S903d54dbcefe4fb58950dca8d80619669.jpg,827861149-desc1-1c2ece5e.jpg
https://pk-live-21.slatic.net/kf/Sf8d2da5d4f854edab951ae89fc96a5643.jpg,827861149-desc2-83b14a19.jpg
https://pk-live-21.slatic.net/kf/Sd99b1ec8640145b1ad37520d99e6db2bl.jpg,827861149-desc3-4d70a204.jpg
https://pk-live-21.slatic.net/kf/S3ce7c0c0cdd64393b7f6491b89a89d92s.jpg,828267399-1-e5c9032d.jpg
https://pk-live-21.slatic.net/kf/Sd73b212274ad44779a61cd2726c50b82O.jpg,828267399-2-69cef0f6.jpg
https://pk-live-21.slatic.net/kf/S554fa897643e46cbbf7449cafd22a38bd.jpg,828267399-3-f77121b6.jpg
https://pk-live-21.slatic.net/kf/S6ea20d586391413ab4420864e57eae4aV.jpg,828267399-4-5e6c5cde.jpg
https://pk-live-21.slatic.net/kf/Sddb3fab2198844c69e811a2ee1d19036d.jpg,828267399-5-d457c1fa.jpg
https://pk-live-21.slatic.net/kf/S1495a945155f4df087faacc0a52299a5r.jpg,828267399-6-04ce4caf.jpg
https://pk-live-21.slatic.net/kf/S5fc858e73f0f47b8a9ed5677d84a74e7R.jpg,828267399-desc1-104a6810.jpg
https://pk-live-21.slatic.net/kf/S2a096c700bc347aca9b7be9962dc7e36f.jpg,828267399-desc2-ab0ac083.jpg
https://pk-live-21.slatic.net/kf/Sf0544a689bc7406eaea1cd3187d58947M.jpg,828267399-desc3-70762850.jpg
https://pk-live-21.slatic.net/kf/S2e23883ba4c8471bb7d31c4f793760fdC.jpg,829896458-1-e9f727f0.jpg
https://pk-live-21.slatic.net/kf/Saed43f1d14c645f8b083361ceabadc93A.jpg,829896458-2-28059cca.jpg
https://pk-live-21.slatic.net/kf/Sa154034abfc047fe88adea2fadcfd8ecs.jpg,829896458-3-a155cdc6.jpg
https://pk-live-21.slatic.net/kf/S093c37a67dcf4d11bf9a69f42e941fb1j.jpg,829896458-4-8fb2ccc0.jpg
https://pk-live-21.slatic.net/kf/S634a739d4d874d7bb1fcceb738501169K.jpg,829896458-desc1-c34c6926.jpg
https://pk-live-21.slatic.net/kf/Sbb7314395dde4441b13da70ab5314085y.jpg,830105921-1-430a251b.jpg
https://pk-live-21.slatic.net/kf/S10a4a165880e4c3090fa72696e8df3fao.jpg,830105921-2-9463610d.jpg
https://pk-live-21.slatic.net/kf/S757705f5934b4f3ca91e4d97ce6ee195T.jpg,830105921-3-34548844.jpg
https://pk-live-21.slatic.net/kf/S4c74a75701264ffda3ddb3cdf349d878b.jpg,830105921-4-504ed1f5.jpg
https://pk-live-21.slatic.net/kf/S5a2723401f144f359ef1761317bf7dc95.jpg,830105921-5-21608f70.jpg
https://pk-live-21.slatic.net/kf/Sae12ac3ccf6843249e77a9b8cf9ae1d3M.jpg,830105921-6-da862d66.jpg
https://pk-live-21.slatic.net/kf/S564393f39e8042639693d84256ea940aD.jpg,830105921-7-d7cd77d2.jpg
https://pk-live-21.slatic.net/kf/Sfc085895c0834593ac1144f4c499ec11g.jpg,830105921-8-0c6ac3e6.jpg
https://pk-live-21.slatic.net/kf/Sd63c454127774f01aab1f1a10b54fd87d.jpg,830105921-desc1-2e8a25c4.jpg
https://pk-live-21.slatic.net/kf/Sb3ef8b1e1edf4544833e5a37735e901ew.jpg,830105921-desc2-440c881b.jpg
https://pk-live-21.slatic.net/kf/S51a24fed1d734626b4f7503c2819264eU.jpg,830122393-1-8b6c398c.jpg
https://pk-live-21.slatic.net/kf/S90873d7964714ac1a80dfd26d283dd28S.jpg,830122393-2-cbc80b5d.jpg
https://pk-live-21.slatic.net/kf/S57affb2007b44cfca8eae2f789b9b30bv.jpg,830122393-3-829d2137.jpg
https://pk-live-21.slatic.net/kf/S6e0edec208084767978794bed7775320V.jpg,830122393-4-9c315705.jpg
https://pk-live-21.slatic.net/kf/Sea1291245b73414fbfb7e6ace40d3955I.jpg,830122393-5-8e71bf65.jpg
https://pk-live-21.slatic.net/kf/Sab2bb920dbfb4894b6584578a0d46659K.jpg,830122393-6-24caa778.jpg
https://pk-live-21.slatic.net/kf/S17c937f79a9f4a8d899375b6dc205683q.jpg,830122393-desc1-05fa5d5b.jpg
https://pk-live-21.slatic.net/kf/Sdfb7f442dc0c4e1dbed529657051e0f1N.jpg,830347485-1-094c37a2.jpg
https://pk-live-21.slatic.net/kf/S2fe80d2bc4084d91ad3139f02f6c885ad.jpg,830347485-2-a2518a4d.jpg
https://pk-live-21.slatic.net/kf/Sb5009cca7c3e46498607ed78183daee3A.jpg,830347485-3-330155f4.jpg
https://pk-live-21.slatic.net/kf/S4dc4baeafcd24210b0cbd797d6e15f1eR.jpg,830347485-4-e37085da.jpg
https://pk-live-21.slatic.net/kf/S67634f7ce7c04f228cc9ee6c651fa05bJ.jpg,830347485-5-f9a82401.jpg
https://pk-live-21.slatic.net/kf/S66e1bfef5ffb4828ae99d47b5853fc5cG.jpg,830347485-6-97627316.jpg
https://pk-live-21.slatic.net/kf/S78e92815b5a84accbcedf3e1901fed76Y.jpg,830347485-7-abe28669.jpg
https://pk-live-21.slatic.net/kf/Se2dca0ef1abc430883005338f387feecM.jpg,830347485-8-cb1733fe.jpg
https://pk-live-21.slatic.net/kf/S1c99de52bebf4f37ba5096b94ab03a88S.jpg,830347485-desc1-3e6aeb0c.jpg
https://pk-live-21.slatic.net/kf/Sf258876647c14e2f82a3aff9c42d603dN.jpg,830347485-desc2-ef195b4f.jpg
https://pk-live-21.slatic.net/kf/Sb828b47548434137839e971ee19012f63.jpg,830363669-1-653aa2ab.jpg
https://pk-live-21.slatic.net/kf/S808bf32fb0a44553a93c95e5beb790c1d.jpg,830363669-2-4ada344d.jpg
https://pk-live-21.slatic.net/kf/S900ab2447a8e45b5b98b2bc06acb7623f.jpg,830363669-3-957c07d3.jpg
https://pk-live-21.slatic.net/kf/S543c8975e7b042669d1cfe3b3c8cddfde.jpg,830363669-4-bc35c4bd.jpg
https://pk-live-21.slatic.net/kf/S4ded4ebc91344046956cdc41640f229fr.jpg,830363669-5-4996d57f.jpg
https://pk-live-21.slatic.net/kf/S5f9f2fb05d8b4734b2ba760f23fdc357g.jpg,830363669-6-3ce9f4f6.jpg
https://pk-live-21.slatic.net/kf/S2b5e2e3c18a44b0488b0884e8a29e76cC.jpg,830363669-desc1-96eff440.jpg
https://pk-live-21.slatic.net/kf/Sa38796f960ab492c86b3a033a5494476x.jpg,830363669-desc2-147760b7.jpg
https://pk-live-21.slatic.net/kf/Sf4854659da344faf9dff8afe55cade942.jpg,878250014-1-007b634b.jpg
https://pk-live-21.slatic.net/kf/S745daafdf7d24127ae3f9e772ef16eb71.jpg,878250014-2-5bf4a8f6.jpg
https://pk-live-21.slatic.net/kf/S3e8d53d2352b4e968a5668191cfc0b17P.jpg,878250014-3-ee7883d8.jpg
https://pk-live-21.slatic.net/kf/S965074edff9548c3af00269dcd9e88364.jpg,878250014-4-1cce0106.jpg
https://pk-live-21.slatic.net/kf/Sedb9a95bb60e4738813fd5451f1b6c6eI.jpg,878250014-5-ce0fd052.jpg
https://pk-live-21.slatic.net/kf/Sf8caeb7e1a8a435db342fcc249c365a7s.jpg,878250014-desc1-c8bbb788.jpg
https://pk-live-21.slatic.net/kf/S249da46227ff420b8f865689d4038711K.jpg,878250014-desc2-43d82136.jpg
https://pk-live-21.slatic.net/kf/S8ab276c8ecb54d83a7fe83c54996f39dq.jpg,882938687-1-6f8aa6e8.jpg
https://pk-live-21.slatic.net/kf/Sca5fa7b5e70b4584869a63d76c68611d7.jpg,882938687-2-c740ab71.jpg
https://pk-live-21.slatic.net/kf/S127c202e26f04f78ac97df0edba7a863F.jpg,882938687-3-249c1b31.jpg
https://pk-live-21.slatic.net/kf/Sc35de285e2c045a285e6273ea23d0c48y.jpg,882938687-4-797203d5.jpg
https://pk-live-21.slatic.net/kf/S90b13aab19b142bf9b5aea7d2293c0a5A.jpg,882938687-5-6d2ed37d.jpg
https://pk-live-21.slatic.net/kf/Sd188ec9036bd4bedba19d31f8ed67d840.jpg,882938687-6-bcd693ae.jpg
https://pk-live-21.slatic.net/kf/S1cac99da9e4246d591ca0c2f20ba4756U.jpg,882938687-7-47a1fadb.jpg
https://pk-live-21.slatic.net/kf/Sb45bb08a18254db5b43000a9ee393d6a4.jpg,882938687-desc1-187f4bcb.jpg
https://pk-live-21.slatic.net/kf/S6bb663f7fa9147d3ad10f04770aab477J.jpg,882938687-desc2-2328799c.jpg
https://pk-live-21.slatic.net/kf/Sa06aaa16da8b4d129bd102393d12b3ebl.jpg,885084702-1-dda06f0c.jpg
https://pk-live-21.slatic.net/kf/Sb1c421326c844caca68608664dc59fadc.jpg,885084702-2-398bd36f.jpg
https://pk-live-21.slatic.net/kf/S62e7efd6a1b343e0bbe83dd1ef8371c2p.jpg,885084702-3-6a2804b5.jpg
https://pk-live-21.slatic.net/kf/Sd44908b69edb48d597ecb5effb46de133.jpg,885084702-4-e3175472.jpg
https://pk-live-21.slatic.net/kf/S2a25b4e646a74995a58112983b69b1f6x.jpg,885084702-5-7827bd62.jpg
https://pk-live-21.slatic.net/kf/S05d077d5431b48e6be92339fbd85188fD.jpg,885084702-6-eb51ba20.jpg
https://pk-live-21.slatic.net/kf/S5e048f34328d43cfb93a5dbb13ef0f10Q.jpg,885084702-7-7efdf08e.jpg
https://pk-live-21.slatic.net/kf/Sbc9cb95252fa43a2953cc1a337b24eect.jpg,885084702-8-0bf27f3e.jpg
https://pk-live-21.slatic.net/kf/S24f32fb327ea43d0817bdfd3954cf7a5G.jpg,885084702-desc1-f59fb471.jpg
https://pk-live-21.slatic.net/kf/Scf85a3f21e6b493c86fc89445ad4f799Z.jpg,885084702-desc2-f343be93.jpg
https://pk-live-21.slatic.net/kf/Sdb69af7af8e94ac98f5d3d15c05f87d5E.jpg,885084702-desc3-b5829f94.jpg
https://pk-live-21.slatic.net/kf/S6ec574464b18438ca5f35330e88d5fe2U.jpg,885084712-1-80e9a4e7.jpg
https://pk-live-21.slatic.net/kf/Sdbb5f59c55304877a8ae64a5816fe07do.jpg,885084712-2-71fc8c72.jpg
https://pk-live-21.slatic.net/kf/Sfab92c5c1d1e4f7f8497215ba7f80151a.jpg,885084712-3-8b5655c9.jpg
https://pk-live-21.slatic.net/kf/Scc87f4c8b636405bb4f1e8dfc16ed267D.jpg,885084712-4-9a0e8aa6.jpg
https://pk-live-21.slatic.net/kf/S65c7013ba7a348bfbd52f05ebb0804413.jpg,885084712-5-b88f69b7.jpg
https://pk-live-21.slatic.net/kf/Sbe5111bb885a4e65ae870e593ba9ab92e.jpg,885084712-6-e5f7756a.jpg
https://pk-live-21.slatic.net/kf/S5f2340a6537f4960be5cb8669a3528dbQ.jpg,885084712-desc1-34aa7b11.jpg
https://pk-live-21.slatic.net/kf/Se8696e9e35cb4031ae653ac03c253adcU.jpg,885085540-1-5987be74.jpg
https://pk-live-21.slatic.net/kf/S532d45262ec748a5b678712669f04d40r.jpg,885085540-2-fb36317a.jpg
https://pk-live-21.slatic.net/kf/Sec677a8ccd2840cfa28402c7633fd520b.jpg,885085540-3-cff1b008.jpg
https://pk-live-21.slatic.net/kf/Sbcb5b33d29c2494297d2a2b3ab46395ai.jpg,885085540-4-da27ddda.jpg
https://pk-live-21.slatic.net/kf/S7a59f9076c054298b895cfdd0b5e3689b.jpg,885085540-5-ee5056a2.jpg
https://pk-live-21.slatic.net/kf/S7f50089c1a6b4c199167b58d752c2d7eU.jpg,885085540-6-99982a7b.jpg
https://pk-live-21.slatic.net/kf/Sa1bc0ca0f44441b4a232de7f0b7bd085a.jpg,885085540-desc1-2eb20154.jpg
https://pk-live-21.slatic.net/kf/S636dea54a1514b309d96bf916cfdaa0dN.jpg,885085540-desc2-dcf272f2.jpg
https://pk-live-21.slatic.net/kf/Scf200eb26963443999bb421859cdde1ft.jpg,887163918-1-513b923a.jpg
https://pk-live-21.slatic.net/kf/Sd23259fb2f5f4a93a970ec497c4eb3fdE.jpg,887163918-2-98ca390f.jpg
https://pk-live-21.slatic.net/kf/S43403fb1e2fc42e4b2db037d3166e57aD.jpg,887163918-3-3bff2bb0.jpg
https://pk-live-21.slatic.net/kf/S5ae138c31e9b44adb75929d47dbb2c6dP.jpg,887163918-4-07d16de7.jpg
https://pk-live-21.slatic.net/kf/Sa3b54683d3574fb481071a3a7f06ddc3x.jpg,887163918-5-a081c91b.jpg
https://pk-live-21.slatic.net/kf/S813215ff2dad4557ae9ae916f42d1c57u.jpg,887163918-6-bd3242a3.jpg
https://pk-live-21.slatic.net/kf/S087c9f8014ec4ed1bf4b11f6590aa12cQ.jpg,887163918-7-a0194a5a.jpg
https://pk-live-21.slatic.net/kf/Sf72fbc66d5e340c8806a21f9f971df0fd.jpg,887163918-8-74a6b473.jpg
https://pk-live-21.slatic.net/kf/S886774af7ecf428597fd9cf2ab0a7343L.jpg,887163918-desc1-ed4ba4aa.jpg
https://pk-live-21.slatic.net/kf/Se6c8e8b5d01d4508ae64ffa31ba10f5cA.jpg,887190149-1-924d70fc.jpg
https://pk-live-21.slatic.net/kf/Sa70deeaa56c14b0186ab35b48bb5db87w.jpg,887190149-2-68ba0698.jpg
https://pk-live-21.slatic.net/kf/S70671523b200402abf07da73acaa022fO.jpg,887190149-3-8b1e0be0.jpg
https://pk-live-21.slatic.net/kf/S878557b80b4744f6907c1c707518bf6fB.jpg,887190149-4-326daff1.jpg
https://pk-live-21.slatic.net/kf/S49b7080cdd084b0cb88346ce29d6bb7fj.jpg,887190149-desc1-0bd894da.jpg
https://pk-live-21.slatic.net/kf/Sdee3b9f09feb40eea1c12b44450984e17.jpg,887534567-1-07b3ce70.jpg
https://pk-live-21.slatic.net/kf/S09c3f7c2464949ada085aa74b5c22623L.jpg,887534567-2-4a029dfa.jpg
https://pk-live-21.slatic.net/kf/S82771ff8c4d849a4bfb245d23c875486h.jpg,887534567-3-17d20eff.jpg
https://pk-live-21.slatic.net/kf/Sa40ac92f01e24477afcf116eee8f9266g.jpg,887534567-4-f1fe3d54.jpg
https://pk-live-21.slatic.net/kf/Sf4bacc48a0f0410289751e05ece898a68.jpg,887534567-5-27663eb0.jpg
https://pk-live-21.slatic.net/kf/Sccd2ecd8826249608ab2bcf9081ec2d20.jpg,887534567-6-ac3d4d87.jpg
https://pk-live-21.slatic.net/kf/Sa002b1814dd149eb82f8c44e37df285fl.jpg,887534567-7-ca1aa5ce.jpg
https://pk-live-21.slatic.net/kf/Sfdd25eb207644902847db1a08391018a1.jpg,887534567-8-8b6a8ad2.jpg
https://pk-live-21.slatic.net/kf/S63d612dfc194438b9493d6ed8095618ad.jpg,887534567-desc1-3599e40d.jpg
https://pk-live-21.slatic.net/kf/S1c5fdc19d8174d73bba98b4cfd14f6d4N.jpg,887534567-desc2-9feaa6ea.jpg
https://pk-live-21.slatic.net/kf/S85d4af6e434f44819c820db7642860e0h.jpg,889974245-1-183c5728.jpg
https://pk-live-21.slatic.net/kf/Scb2fa1ce65f14471b7ef49a4e35556d0F.jpg,889974245-2-6c3ebf1c.jpg
https://pk-live-21.slatic.net/kf/Sc472354f99c642bb8c1934cb48a9e34bL.jpg,889974245-desc1-45383c2c.jpg
https://pk-live-21.slatic.net/kf/Se6aba17924dc4975928b939b675b4201j.jpg,889974245-desc2-b45e4099.jpg
https://pk-live-21.slatic.net/kf/Sa3564a9f8af444a59c4c54b92429a968F.jpg,890173715-1-0b7cd51a.jpg
https://pk-live-21.slatic.net/kf/S1e39859b11bf4f21a38b81d4332467968.jpg,890173715-2-b7bb2bce.jpg
https://pk-live-21.slatic.net/kf/Sdf64fa74d403403a9f037b09adcc20daq.jpg,890173715-3-f57a6048.jpg
https://pk-live-21.slatic.net/kf/S65a495c8c5744bf68e1fd12fdf96ec29m.jpg,890173715-4-94b28cd7.jpg
https://pk-live-21.slatic.net/kf/S66e835829148484981ae71b1826571e8a.jpg,890173715-5-3eec61a6.jpg
https://pk-live-21.slatic.net/kf/S828a02a94a6a4f6e81c0f7b4775963abC.jpg,890173715-6-ac2fa8d5.jpg
https://pk-live-21.slatic.net/kf/S7603d721aaac4e0ab499c3eafad8cfeb6.jpg,890173715-desc1-4c439947.jpg
https://pk-live-21.slatic.net/kf/Sa52162ec0efa4bd886974e668f6fdc2bG.jpg,890173715-desc2-8246ba68.jpg
https://pk-live-21.slatic.net/kf/Sbab2b3e6eae1449da3cfdf6174172f4bJ.jpg,890218130-1-7e5520ec.jpg
https://pk-live-21.slatic.net/kf/Sca3873944e53490fb1896288e81162f4Y.jpg,890218130-2-a9a5832e.jpg
https://pk-live-21.slatic.net/kf/S9a71a037f4614846a48b515fa7e047f04.jpg,890218130-3-1e64e93b.jpg
https://pk-live-21.slatic.net/kf/Saed93a5c0d2d44fabd74044411ad721bz.jpg,890218130-4-e8a8cb74.jpg
https://pk-live-21.slatic.net/kf/Sf8ba84b104b14b3f977000bb262e79ddi.jpg,890218130-5-7b3f993d.jpg
https://pk-live-21.slatic.net/kf/S1c8d57cb65074847b6c04f3e74805215l.jpg,890218130-6-ef2a9324.jpg
https://pk-live-21.slatic.net/kf/Sfb7782c7e1ba46e6b3c67bb6eeec067co.jpg,890218130-desc1-0b6a7dd4.jpg
https://pk-live-21.slatic.net/kf/Saf3ff57d7a63484ebadf162c56936835r.jpg,890218130-desc2-c9109407.jpg
https://pk-live-21.slatic.net/kf/S89be6fe4576a4e5ca21bee03e50c57f3S.jpg,892374244-1-44a18a60.jpg
https://pk-live-21.slatic.net/kf/Sa801a0ec31d64e4d852a8556741c54dey.jpg,892374244-2-9251491d.jpg
https://pk-live-21.slatic.net/kf/S13b014cd315d43a48f0bd406f7620f29A.jpg,892374244-3-dc2dbc31.jpg
https://pk-live-21.slatic.net/kf/S630af8583ff04e98aa69fbc504dfc272J.jpg,892374244-4-fcc30423.jpg
https://pk-live-21.slatic.net/kf/S5494ccea914448848b9e9af1c0717ee5O.jpg,892374244-5-e048b639.jpg
https://pk-live-21.slatic.net/kf/Secbd2289642e4c71944c774aab10bcb1Q.jpg,892374244-6-265a0f9d.jpg
https://pk-live-21.slatic.net/kf/Se37d2ea1de7f4142b9ed8e7a4e53b3cdy.jpg,892374244-7-6da4178d.jpg
https://pk-live-21.slatic.net/kf/S4d82659475ba4e0aa1253415a90def70C.jpg,892374244-desc1-92210114.jpg
https://pk-live-21.slatic.net/kf/S746cee1218e64858b974be8f78c7032ci.jpg,892374244-desc2-7807db2a.jpg
https://pk-live-21.slatic.net/kf/S3e55baad8226411897f1f73cbf8bda60G.jpg,892374244-desc3-95884ff7.jpg
https://pk-live-21.slatic.net/kf/S137ce72f550146e1a99e73d23f8db139P.jpg,895880991-1-b5442bbc.jpg
https://pk-live-21.slatic.net/kf/S7e30a6cba72246f8b7df718c1ea6d6a5O.jpg,895880991-2-9616879b.jpg
https://pk-live-21.slatic.net/kf/S44dcc647cf6541868bb84780f8be2b326.jpg,895880991-3-d2eddaa1.jpg
https://pk-live-21.slatic.net/kf/S7c631fa5e64a40b2b954d77fca4972d7y.jpg,895880991-4-2949d6ef.jpg
https://pk-live-21.slatic.net/kf/S69ec98ce2e00434388f8863e270c8821r.jpg,895880991-5-53663731.jpg
https://pk-live-21.slatic.net/kf/S90582452a0f24b769828fc098bce8b8a5.jpg,895880991-6-ca7671c2.jpg
https://pk-live-21.slatic.net/kf/S1a0ad97045534a8d8d7507760ab64aa9K.jpg,895880991-7-6ca1e9fe.jpg
https://pk-live-21.slatic.net/kf/S2215ef62d0f846b2b549e3e8e259c7294.jpg,895880991-8-5e16c634.jpg
https://pk-live-21.slatic.net/kf/Sa0870d80c90247c3be261e6c175020a6K.jpg,895880991-desc1-fbe9eb19.jpg
https://pk-live-21.slatic.net/kf/Sf3eeb25823d14cedb3f7595a5d7aaeb2u.jpg,895880991-desc2-7819efb1.jpg
https://pk-live-21.slatic.net/kf/S433541d95cf14c14a61941b813ed94baC.jpg,895896653-1-46d61528.jpg
https://pk-live-21.slatic.net/kf/Saf00ce3b87b247e4b37d7803eb2db51fL.jpg,895896653-2-2f8057ed.jpg
https://pk-live-21.slatic.net/kf/S53a5714118a943bf8441231abcbe44a3y.jpg,895896653-3-28898de5.jpg
https://pk-live-21.slatic.net/kf/S6e14550e125147c9a1318ed1b6b523285.jpg,895896653-4-bb40c0d3.jpg
https://pk-live-21.slatic.net/kf/S5ff57ac301ae439e837e6cb4ad1798c1k.jpg,895896653-5-d88fdeb9.jpg
https://pk-live-21.slatic.net/kf/S886c7ad23f3a4cf1af60e2f192c9c282f.jpg,895896653-6-e177bb7d.jpg
https://pk-live-21.slatic.net/kf/Sa2ac9ad76d034b0f92117a076fc71195u.jpg,895896653-desc1-7fc105a1.jpg
https://pk-live-21.slatic.net/kf/Sd28906a388d8467fbbfd31aa6d54d4dfE.jpg,895896653-desc2-afc6b35f.jpg
https://pk-live-21.slatic.net/kf/S501b56a0597847adaaceb9af0d4224a52.jpg,895920142-1-f4f1a0b8.jpg
https://pk-live-21.slatic.net/kf/Sacc3de9a6cf5465882ac305958c24fd4J.jpg,895920142-2-576297d7.jpg
https://pk-live-21.slatic.net/kf/Sd5453d9aa2864a72842100fa574fa6301.jpg,895920142-3-4c08aaa9.jpg
https://pk-live-21.slatic.net/kf/S1053b2d73eac4535ad889864e6816ca6P.jpg,895920142-4-7aa0646e.jpg
https://pk-live-21.slatic.net/kf/S23f130b01d094743a7fd517339d46a6bZ.jpg,895920142-5-fa2849e6.jpg
https://pk-live-21.slatic.net/kf/S9f0911a458884bd18efd4787da316d88j.jpg,895920142-6-79047348.jpg
https://pk-live-21.slatic.net/kf/Sc3279d03e0454f1d85381bdffec4e90cg.jpg,895920142-7-12625d6d.jpg
https://pk-live-21.slatic.net/kf/Sded6630280c340c9bb9ebb5ad8754e85i.jpg,895920142-8-3f0f6db8.jpg
https://pk-live-21.slatic.net/kf/S5bb2e3df38ab4134a2d03377bb9c79a7U.jpg,895920142-desc1-0f7df6f4.jpg
https://pk-live-21.slatic.net/kf/S9a6d5b2c7cce4aae9fc468357a675a5cZ.jpg,895920142-desc2-2b009d56.jpg
https://pk-live-21.slatic.net/kf/Sa06b6607e3084cd3a4eddc1c7df1379fZ.jpg,895920142-desc3-9c42a95c.jpg
https://pk-live-21.slatic.net/kf/Sfc35f08be2f7468bbca6d11c183d0c11C.jpg,895920142-desc4-0d379fc3.jpg
https://pk-live-21.slatic.net/kf/Sf31178883f43420d9001b8c98455436e1.jpg,897315740-1-22e73166.jpg
https://pk-live-21.slatic.net/kf/S342d778f8057415d9fe29345ac0f65a1j.jpg,897315740-2-6c239e33.jpg
https://pk-live-21.slatic.net/kf/S5172ef48c8644b0c8dd4b6a060996465k.jpg,897315740-3-110c2531.jpg
https://pk-live-21.slatic.net/kf/S628d7b8f04454d28bee0ca37dd6fdbd87.jpg,897315740-4-3cbf459d.jpg
https://pk-live-21.slatic.net/kf/Sc962a825179a407985e6bb9c6221fa2cP.jpg,897315740-5-04796254.jpg
https://pk-live-21.slatic.net/kf/S224d753303b44d78bff61f410f7f3e5eq.jpg,897315740-desc1-b342320a.jpg
https://pk-live-21.slatic.net/kf/Sa12b9ceba246420cb0f398a454cfb70bo.jpg,897315740-desc2-8d529603.jpg
https://pk-live-21.slatic.net/kf/S4e89eaf1102243feb090181618ed3afbh.jpg,897315740-desc3-a2e171f6.jpg
https://pk-live-21.slatic.net/kf/S8cd9cef14a7e47f0bf296fdcb1b3d26dc.jpg,897343236-1-42a5f62d.jpg
https://pk-live-21.slatic.net/kf/Sff77abaa1d2944ac94657f6e73efd573h.jpg,897343236-2-a716ad81.jpg
https://pk-live-21.slatic.net/kf/S833d14a9c7b041dd9be21b5e01642a4eD.jpg,897343236-3-739be139.jpg
https://pk-live-21.slatic.net/kf/S34dc0c6118fb4a6d96d8960737c3f668E.jpg,897343236-4-3973526e.jpg
https://pk-live-21.slatic.net/kf/S38673446888e4842aebf3bb6135c3621u.jpg,897343236-5-f315f5f7.jpg
https://pk-live-21.slatic.net/kf/S3f101416c0024aefb49ffd392b10b078k.jpg,897343236-6-11a8471c.jpg
https://pk-live-21.slatic.net/kf/S7adf61c109794a3dad611f30f0c0445bD.jpg,897343236-7-a396c23b.jpg
https://pk-live-21.slatic.net/kf/S10098fd3d7784d0a90ae25bf67ac58afh.jpg,897343236-8-0f9cf254.jpg
https://pk-live-21.slatic.net/kf/Se971a3ec5f114328b48277ee2e70586eU.jpg,897343236-desc1-a91eedb3.jpg
https://pk-live-21.slatic.net/kf/Se2191d24ffc442409b7f77fec7f0ed858.jpg,911882302-1-89031f36.jpg
https://pk-live-21.slatic.net/kf/S2c803b0b2f924f348a6526529f182682m.jpg,911882302-2-6304a4e7.jpg
https://pk-live-21.slatic.net/kf/Sa2d3a6ef5079460e88a7cad78252655bt.jpg,911882302-3-6a309b04.jpg
https://pk-live-21.slatic.net/kf/S457fd46062ca4799a007f2cb2f59987bD.jpg,911882302-4-0974ee84.jpg
https://pk-live-21.slatic.net/kf/S2274385678dc436684e7e4fa93773f34S.jpg,911882302-5-2b60ba2d.jpg
https://pk-live-21.slatic.net/kf/S67a0751a6497489aa2c5bba76d69bba29.jpg,911882302-6-effb3e19.jpg
https://pk-live-21.slatic.net/kf/S816c9dc0826045d3b764d2ba3af0aa82e.jpg,911882302-7-39d568a8.jpg
https://pk-live-21.slatic.net/kf/Se6a26b5620f949e7b4d9ee9f3acbe309f.jpg,911882302-8-9245c370.jpg
https://pk-live-21.slatic.net/kf/Sb7a2d16b293c418aaf835d043ab7d017D.jpg,911882302-desc1-cb480247.jpg
https://pk-live-21.slatic.net/kf/Seefd5e24fc914b5890c0a015b4ee28d8P.jpg,912566252-1-0f130e7d.jpg
https://pk-live-21.slatic.net/kf/S66ad64c5e942440ea6eae9ba089273afi.jpg,912566252-2-93f8cacf.jpg
https://pk-live-21.slatic.net/kf/S0a8989adbba04169aabb902ceb462e2cv.jpg,912566252-3-b511dda5.jpg
https://pk-live-21.slatic.net/kf/S2db743d65221467db5bfac9ed8901deb2.jpg,912566252-4-ae3d403e.jpg
https://pk-live-21.slatic.net/kf/Scb986f0f9654464b875b9e2380789cd5q.jpg,912566252-5-e19a2956.jpg
https://pk-live-21.slatic.net/kf/Sf4293bbe4830413ebedc79ebb2bb5686P.jpg,912566252-6-cd8c7812.jpg
https://pk-live-21.slatic.net/kf/S77e2da3954dc464bb90e2b482270c078Y.jpg,912566252-desc1-4fa9cc79.jpg
https://pk-live-21.slatic.net/kf/Scf41bd0fdbb242eaaeffdf9aa6b3f018J.jpg,912566252-desc2-2233ba9f.jpg
https://pk-live-21.slatic.net/kf/S46f80dd5b09548d88a5a95d3a25dfa8d8.jpg,912687730-1-757da0e7.jpg
https://pk-live-21.slatic.net/kf/Se8911e6f92064bd7bf6818640eacc05fA.jpg,912687730-2-f26bfef4.jpg
https://pk-live-21.slatic.net/kf/Sfaeefc76b6724ec4a6a13cc233d7058cq.jpg,912687730-3-572425d3.jpg
https://pk-live-21.slatic.net/kf/Sb74038c7c4c8414392374255a06e9f7du.jpg,912687730-4-6aa2ac3e.jpg
https://pk-live-21.slatic.net/kf/S068ecb19a31841d2a52b733d89eea0a8k.jpg,912687730-5-f5a3d846.jpg
https://pk-live-21.slatic.net/kf/S7a27ce592d9648cdaa2d5a0c97112547r.jpg,912687730-desc1-a2ffee46.jpg
https://pk-live-21.slatic.net/kf/S342c20d9e8fc4749a1fddb6141663215L.jpg,913691066-1-f86b758f.jpg
https://pk-live-21.slatic.net/kf/S01b732c38c7b4d0abbe291f4944daae9t.jpg,913691066-2-d5da6d38.jpg
https://pk-live-21.slatic.net/kf/S10adf3afa91345448f2076da636916b5K.jpg,913691066-3-245c74fc.jpg
https://pk-live-21.slatic.net/kf/S2f3d002d3384419b8e6754ebe089278ch.jpg,913691066-4-61982e88.jpg
https://pk-live-21.slatic.net/kf/Sf037bb22b43b4317af14195c95e402f5p.jpg,913691066-5-f43abc22.jpg
https://pk-live-21.slatic.net/kf/Sc931669cc6404ba899a5ac29f08d9654G.jpg,913691066-6-6c8916a7.jpg
https://pk-live-21.slatic.net/kf/Sa6ece9fba59e4a4abd6d039bc740cd8f4.jpg,913691066-7-14784e43.jpg
https://pk-live-21.slatic.net/kf/S80c6d4c310d1444992f1e34942bff7fdB.jpg,913691066-8-748ea83f.jpg
https://pk-live-21.slatic.net/kf/Sefe884a88fd84434872a6ca6783d0fa6M.jpg,913691066-desc1-75d1caaf.jpg
https://pk-live-21.slatic.net/kf/Sffb7291238f24438b9d19fcc9ed564501.jpg,913691066-desc2-26a30b55.jpg
https://pk-live-21.slatic.net/kf/Se96ca0df38424b21acd03daccb657016o.jpg,913691066-desc3-36132d6f.jpg
https://pk-live-21.slatic.net/kf/Se363ccb18f6e48d7adefdc8d50fb1f35l.jpg,913691066-desc4-a785382e.jpg
https://pk-live-21.slatic.net/kf/S3bd474f28d3845588e8d91b93fba21aaX.jpg,913691066-desc5-0a3e99d8.jpg
https://pk-live-21.slatic.net/kf/Sb3ab3fbac0144bb2bbbfd634c1f257aey.jpg,915774567-1-5b5345b5.jpg
https://pk-live-21.slatic.net/kf/S35efa06c4e63438bbe9f42d31c68bddbC.jpg,915774567-2-9f71f5a8.jpg
https://pk-live-21.slatic.net/kf/Seded6ccd8e6044a1b2920365f89d637ak.jpg,915774567-3-c3182cac.jpg
https://pk-live-21.slatic.net/kf/S985b2964868e46d38e9a9ddbbb1294a0Q.jpg,915774567-4-05bed9ba.jpg
https://pk-live-21.slatic.net/kf/Sa990b9dd040442ef868a0d58bd2d1aa0Q.jpg,915774567-desc1-8f3ac143.jpg
https://pk-live-21.slatic.net/kf/S64745ee54f6d40b59f4f52b7ce29a4f0o.jpg,919882917-1-99370a2a.jpg
https://pk-live-21.slatic.net/kf/S283c7e5b29794c2e9cd3e31aca7f4d7cD.jpg,919882917-2-fadc3d18.jpg
https://pk-live-21.slatic.net/kf/S60fcc7494d3f447bbbcc96f70e394fa4F.jpg,919882917-3-18e0d55a.jpg
https://pk-live-21.slatic.net/kf/S9171d96527b04d82b7f91f31606b49cej.jpg,919882917-4-c74f77c9.jpg
https://pk-live-21.slatic.net/kf/S739e29f7645348a684dcf7bc28f7c61aU.jpg,919882917-5-a049fee6.jpg
https://pk-live-21.slatic.net/kf/S8fa2abf0b9b84b85872f1511c8c8461a9.jpg,919882917-6-3c8b1025.jpg
https://pk-live-21.slatic.net/kf/Sb140e3a0bc574418937e33473d55d8fd7.jpg,919882917-7-117cb9d2.jpg
https://pk-live-21.slatic.net/kf/S7b1421d27b934db28ddf29e01576119dN.jpg,919882917-8-001bef3d.jpg
https://pk-live-21.slatic.net/kf/S02aeb0a0a6c04e11b8c587d6842a0435e.jpg,919882917-desc1-5e0fc608.jpg
https://pk-live-21.slatic.net/kf/Sd9980c88a34f4375b3b6d67db317a68bZ.jpg,919882917-desc2-39593bf0.jpg
https://pk-live-21.slatic.net/kf/See17a55bbe9944129293fdc22f5d37d0x.jpg,922050887-1-00a2121c.jpg
https://pk-live-21.slatic.net/kf/Sd23aa31bd36a4f26ac41730baa3c4312x.jpg,922050887-2-fbb24092.jpg
https://pk-live-21.slatic.net/kf/S3fc15628137a4761990c970ddbe79318z.jpg,922050887-3-a8a9048b.jpg
https://pk-live-21.slatic.net/kf/Sca9d6b5977aa471383a6f7a4572d2a80C.jpg,922050887-4-49d5468a.jpg
https://pk-live-21.slatic.net/kf/S7942d884e27749a98b3fa818c5679ec1r.jpg,922050887-5-69096cfe.jpg
https://pk-live-21.slatic.net/kf/S9eb02ac389d846a49f6227a809d6e67cO.jpg,922050887-6-8748bb9d.jpg
https://pk-live-21.slatic.net/kf/S580f2698f65f4d6aa6f737304349cff6k.jpg,922050887-desc1-3cccf0cb.jpg
https://pk-live-21.slatic.net/kf/S2d5d81f9eb5a4d0da2e356f1b081ca32s.jpg,922050887-desc2-c5476527.jpg
https://pk-live-21.slatic.net/kf/S6507e88b4ffe4c00acd35140d98c2701z.jpg,922077051-1-078123ee.jpg
https://pk-live-21.slatic.net/kf/S4574c2de6ccc4e83bb180f60c58a2f57f.jpg,922077051-2-11642714.jpg
https://pk-live-21.slatic.net/kf/S742b31cbe2d846dbb208db3b85e6407aQ.jpg,922077051-3-93a17a3c.jpg
https://pk-live-21.slatic.net/kf/Sadd4bb0925b84b8f9899cfbd60b194dd2.jpg,922077051-4-183be7e5.jpg
https://pk-live-21.slatic.net/kf/S9c3f102e22ea41eab16ed319a1a9c46dp.jpg,922077051-5-0ef4f5fc.jpg
https://pk-live-21.slatic.net/kf/S24ee9eea8bb147c49953970e29554b4aZ.jpg,922077051-6-4fe25e85.jpg
https://pk-live-21.slatic.net/kf/Sf2ccc81b8c3f4921aa205524f70f8494n.jpg,922077051-7-923db4d6.jpg
https://pk-live-21.slatic.net/kf/S66653c2f80b5412e85b496c84db46e2bQ.jpg,922077051-8-36efbe64.jpg
https://pk-live-21.slatic.net/kf/S1392879329ee49fcb647be583cf17c0eQ.jpg,922077051-desc1-5e102888.jpg
https://pk-live-21.slatic.net/kf/S00bf430a4af0451383ff5dd24fccae08n.jpg,922077051-desc2-54a21df7.jpg
https://pk-live-21.slatic.net/kf/S4a727c26eb9d4a90a6c2796323fc7a10X.jpg,924355767-1-3573bdda.jpg
https://pk-live-21.slatic.net/kf/Sfe2985be0a954bc5bd64d708e6759f83M.jpg,924355767-2-b65c003f.jpg
https://pk-live-21.slatic.net/kf/S8832b58beffa46daad111c9cb2947ea5C.jpg,924355767-3-bbb5e6ed.jpg
https://pk-live-21.slatic.net/kf/Se90bd88668a5476fbf77218c897e6bab0.jpg,924355767-4-b10f4f85.jpg
https://pk-live-21.slatic.net/kf/S5cb08d556cae4d79879b5be1cd1c2821i.jpg,924355767-5-02c9bb54.jpg
https://pk-live-21.slatic.net/kf/S7613272ba2a843349af49c788aa8785cI.jpg,924355767-6-349cba79.jpg
https://pk-live-21.slatic.net/kf/S52ef0fa9466f4797819a670038146bb6m.jpg,924355767-7-1532919f.jpg
https://pk-live-21.slatic.net/kf/S86e1dce6cd124f3aba8564b9395bbbe4W.jpg,924355767-8-cb2ab905.jpg
https://pk-live-21.slatic.net/kf/Sd7aa8c0cd2ff44bea44d2e940bada0b5B.jpg,924355767-desc1-1868d89e.jpg
https://pk-live-21.slatic.net/kf/S91d1abeb7bf1497ba913e7b5f7eea5fcb.jpg,924355767-desc2-c2bec0ae.jpg
https://pk-live-21.slatic.net/kf/S5fb11a92de1d457d9542b2ee13e0f1a7R.jpg,924371469-1-fb9c302b.jpg
https://pk-live-21.slatic.net/kf/S9c1d535d41364373bb55edfe92e74aabe.jpg,924371469-2-33687d62.jpg
https://pk-live-21.slatic.net/kf/Sb04c02b7014a44058545e15f8ea66ebcd.jpg,924371469-3-77059382.jpg
https://pk-live-21.slatic.net/kf/S61b5c331e169411385d99288bb67c876N.jpg,924371469-4-e80a2ea1.jpg
https://pk-live-21.slatic.net/kf/Sd28ea45cca814b878adc256a045cc8ebr.jpg,924371469-5-8bd11dfb.jpg
https://pk-live-21.slatic.net/kf/S9745fcecf84e4b11a56e4381c8929fd0s.jpg,924371469-6-305617d9.jpg
https://pk-live-21.slatic.net/kf/S269a755a40364b7aa8882da8f61cc866U.jpg,924371469-desc1-604f98bd.jpg
https://pk-live-21.slatic.net/kf/S87010691e7db4650bd7a08ad41531bc9B.jpg,924397396-1-63a0c460.jpg
https://pk-live-21.slatic.net/kf/S07ba2c8fb7f94f53afbfd3e1a17dd00dD.jpg,924397396-2-0c4bccd2.jpg
https://pk-live-21.slatic.net/kf/Saf49d4f83fcd4c9db12b83e96980803fx.jpg,924397396-3-c2854e92.jpg
https://pk-live-21.slatic.net/kf/S515c21fe6ee24ef6a78001047a6117c3q.jpg,924397396-4-64046d3c.jpg
https://pk-live-21.slatic.net/kf/S23e33e46779a41568f4390289b1572efN.jpg,924397396-5-a40cf289.jpg
https://pk-live-21.slatic.net/kf/S90aac2f80b2a4d2ba930b496e7619534w.jpg,924397396-6-95bdd110.jpg
https://pk-live-21.slatic.net/kf/S68c748d5a7f042158c62fda0e25c3d20A.jpg,924397396-7-3a272db0.jpg
https://pk-live-21.slatic.net/kf/S5b0149c31a004907a752ef4d8d2a508ep.jpg,924397396-8-59247108.jpg
https://pk-live-21.slatic.net/kf/Sfc88b98ad0d44ef78f9fe5155f8a3826C.jpg,924397396-desc1-1cfdbc6f.jpg
https://pk-live-21.slatic.net/kf/S61922d34c2304441af6bf73b86496a4eU.jpg,927159129-1-b5774617.jpg
https://pk-live-21.slatic.net/kf/Se0363feec48a4a3b83725493e3f90dd2u.jpg,927159129-2-fb747449.jpg
https://pk-live-21.slatic.net/kf/S1b4afaaf4fb0433991ac2a392d5ed373C.jpg,927159129-3-a5b5c2a3.jpg
https://pk-live-21.slatic.net/kf/Sf16d6ae7a4814a159e07bd4c66423a0dj.jpg,927159129-4-5992da77.jpg
https://sg-test-11.slatic.net/p/7a687c4e2b13d024ba75712e6229e339.jpg,927159129-5-2b601f5f.jpg
https://pk-live-21.slatic.net/kf/Secda27ec09d94d77a2f17284569fb127o.jpg,927159129-desc1-9083cf4b.jpg
https://pk-live-21.slatic.net/kf/S0ea218a948364ae18d6ea75f885aa9a4z.jpg,928872626-1-bfa0d57c.jpg
https://pk-live-21.slatic.net/kf/S7c5a36c899ba49fe80c143536383bd97e.jpg,928872626-2-6717cf6a.jpg
https://pk-live-21.slatic.net/kf/Sfee5c0deec674fa6beaa90d6a9b8a2e1L.jpg,928872626-3-48bc8326.jpg
https://pk-live-21.slatic.net/kf/Sa4be2913d5d845d29a9786eb69ac25a7p.jpg,928872626-4-86dd2097.jpg
https://pk-live-21.slatic.net/kf/S76032dbb548643328731c8330a652d00y.jpg,928872626-5-8c154b06.jpg
https://pk-live-21.slatic.net/kf/Scd10c7b94f6b49a492be96fd1a2c9c6aL.jpg,928872626-desc1-6a240dc7.jpg
https://pk-live-21.slatic.net/kf/Scda618db4ff547f5af2c230ed76f4be3y.jpg,935198008-1-adeb4692.jpg
https://pk-live-21.slatic.net/kf/S7c52e4c0c42645a095674e95f6b3fe9aN.jpg,935198008-2-cf7750d4.jpg
https://pk-live-21.slatic.net/kf/S5af3a39fa6ce4cb3b2455ccaaa4c8b3cW.jpg,935198008-3-758d1d32.jpg
https://pk-live-21.slatic.net/kf/Sfe3386972d0c4d5bba8fc93b2e61b59b3.jpg,935198008-4-cca9f9c7.jpg
https://pk-live-21.slatic.net/kf/Scc7ee5e80357443b9cf3e41b5749ee59W.jpg,935198008-5-159dc687.jpg
https://pk-live-21.slatic.net/kf/Sb5dc868ac08b49dc9141ad3af7928252w.jpg,935198008-6-8ae4f11e.jpg
https://pk-live-21.slatic.net/kf/Sc424ee54523a4ae9829a067103eb5f1dx.jpg,935198008-7-b382d164.jpg
https://pk-live-21.slatic.net/kf/S3bf5771fa5f14f208c63afcfad5301bbx.jpg,935198008-8-aa781e68.jpg
https://pk-live-21.slatic.net/kf/S7a7a7d92dbc74e899d0788f6ff829a122.jpg,935198008-desc1-cce05c5c.jpg
https://pk-live-21.slatic.net/kf/S7f2a151ef99e4565bbc4c8e501f92b67n.jpg,935198008-desc2-32187cd9.jpg
https://pk-live-21.slatic.net/kf/S248b0f48c2614a418c8ccf1f9a4ca01eQ.jpg,935198008-desc3-00cdab98.jpg
https://pk-live-21.slatic.net/kf/S491a7084875c496cb618d572435080deW.jpg,939359518-1-82345979.jpg
https://pk-live-21.slatic.net/kf/S4ec97006f55f4bfa9c75d6c1b5248a79q.jpg,939359518-2-1d4861f3.jpg
https://pk-live-21.slatic.net/kf/S4370a8fc94dc413ebc7b674e6391812bs.jpg,939359518-3-8efe24f0.jpg
https://pk-live-21.slatic.net/kf/S6330df247e7a4839bcd755e9aa73b1b9z.jpg,939359518-4-bea0006b.jpg
https://pk-live-21.slatic.net/kf/S65b038edf1f340d69c18b31483dc07196.jpg,939359518-5-11fbcb98.jpg
https://pk-live-21.slatic.net/kf/Se379da8dab5c495e97f4a05268e89de2n.jpg,939359518-desc1-e098b339.jpg
https://pk-live-21.slatic.net/kf/S95d6895b9a484880aceb8f2dde0ffe0cU.jpg,944275199-1-b163ecbd.jpg
https://pk-live-21.slatic.net/kf/S72e8d61be43b4f8c9bc8b7b13b4c09d2P.jpg,944275199-2-4302b974.jpg
https://pk-live-21.slatic.net/kf/S6140d85d8d04480bb827850c94c4294bd.jpg,944275199-3-8b08ee26.jpg
https://pk-live-21.slatic.net/kf/Sda9ae7c5dcfa4c51a22cead588d80150J.jpg,944275199-4-74864dd4.jpg
https://pk-live-21.slatic.net/kf/S575f3fee481342f08237bd6f48661a3dT.jpg,944275199-desc1-6f29d290.jpg
https://pk-live-21.slatic.net/kf/S1684e899f6e74f4abbdec4e519528bf8r.jpg,944275199-desc2-41dd0305.jpg
https://pk-live-21.slatic.net/kf/Sc3a34bb61a41405ab401fa22b063e2b9V.jpg,944646622-1-94091711.jpg
https://static-01.daraz.pk/p/018c7262757803b6a0f5518d63baf10e.jpg,944646622-2-2a53829f.jpg
https://static-01.daraz.pk/p/49b41bef99d365d67517ee6cd75bd947.jpg,944646622-3-81c357bd.jpg
https://static-01.daraz.pk/p/6420b6f4ffd77aeba3e66eca72182352.jpg,944646622-4-d7c63aa0.jpg
https://static-01.daraz.pk/p/5b64bee5569e31df7edf42875cfc46a4.jpg,944646622-5-06c422c2.jpg
https://pk-live-21.slatic.net/kf/S672f2c55597b4ceba19a92a88574a542T.jpg,947967759-1-f31c722e.jpg
https://pk-live-21.slatic.net/kf/S5b4c1800bf9b4202a9186e6bfac926c2i.jpg,947967759-2-670c8a44.jpg
https://pk-live-21.slatic.net/kf/Sa0d5ea871ade47fb8507e252fd4f212d7.jpg,947967759-3-1181e458.jpg
https://pk-live-21.slatic.net/kf/S68fe6ce5ccf74fc29b0444e00d3711909.jpg,947967759-4-e4a40381.jpg
https://pk-live-21.slatic.net/kf/S490649fae6c14bb1aeb5469c90cc1e97j.jpg,947967759-5-b77c2949.jpg
https://pk-live-21.slatic.net/kf/S6fc8a6e3aa464f6eb22cc315f13027a8S.jpg,947967759-6-0d7720e0.jpg
https://pk-live-21.slatic.net/kf/Sed69f7636b444a6b9f9a684cbdc6c926n.jpg,947967759-7-40cd2b95.jpg
https://pk-live-21.slatic.net/kf/S5be524765515459d8c8e5aa1690dca39T.jpg,947967759-desc1-4b9a7002.jpg
https://pk-live-21.slatic.net/kf/S299ba2c70d2248b5b2e546b1f287b4f3m.jpg,947967759-desc2-462595e2.jpg
https://pk-live-21.slatic.net/kf/S90398d0f31fc47a98d8e3a1fb8c43997S.jpg,1947660058-1-58fec28e.jpg
https://pk-live-21.slatic.net/kf/Sbb6e372b19ce4546b4479590b43b6b00K.jpg,1947660058-2-77be9662.jpg
https://pk-live-21.slatic.net/kf/S592ce690287747ba9cf2f21cb2466f4bM.jpg,1947660058-3-9fd670ac.jpg
https://pk-live-21.slatic.net/kf/S2e3443b0a867490d802345ae383327b3l.jpg,1947660058-4-14993041.jpg
https://pk-live-21.slatic.net/kf/S5fe0ca31a26a4a3b973ed65953bbb3a6V.jpg,1947660058-5-aace97ee.jpg
https://pk-live-21.slatic.net/kf/S6483ac7739544664a046a6234970ce406.jpg,1947660058-6-a2f46443.jpg
https://pk-live-21.slatic.net/kf/S4272eaf0bf6c4f1e9e0045ef9ac99295c.jpg,1947660058-7-029bb728.jpg
https://pk-live-21.slatic.net/kf/S5a708c86398548c9a3ee72a03b80acfbx.jpg,1947660058-8-7ef97c22.jpg
https://pk-live-21.slatic.net/kf/S023f010f66684b05bf4b49f2a9c504a7B.jpg,1947660058-desc1-8400a4cc.jpg
https://pk-live-21.slatic.net/kf/S920ab02c29c642b8ad748ff63f6f7bf0h.jpg,1947660058-desc2-b0cde394.jpg
https://pk-live-21.slatic.net/kf/S41782c79e9e6455f90ea5c2e30fb3e592.jpg,1947660058-desc3-9ec4072f.jpg
https://pk-live-21.slatic.net/kf/S9e42d53eb2ac4ca2a864552c5659c7c49.jpg,1947660058-desc4-f435b133.jpg
https://pk-live-21.slatic.net/kf/Sfc22e54cd55e43aea01400940ea85486a.jpg,1947660058-desc5-37048cc5.jpg
https://pk-live-21.slatic.net/kf/S8c58085b914348cfa3051c9243f75c9cj.jpg,1947731954-1-3510db77.jpg
https://pk-live-21.slatic.net/kf/Sb24d2057aad548529463a6d1179fe60aK.jpg,1947731954-2-71a064f4.jpg
https://pk-live-21.slatic.net/kf/Sa559790a4c47407faa5ddcc36a7a1977w.jpg,1947731954-3-fb03d15b.jpg
https://pk-live-21.slatic.net/kf/S0e0c707494c8422b9207394f3aadb457T.jpg,1947731954-4-f2c6a9ee.jpg
https://pk-live-21.slatic.net/kf/S5c8ecebc4ece4e8dab4f9f4262426c13A.jpg,1947731954-5-b1847ca5.jpg
https://pk-live-21.slatic.net/kf/S4e507b462f0f4e678f145ca4a88bf1bbf.jpg,1947731954-6-ac895835.jpg
https://pk-live-21.slatic.net/kf/S0f65e477ca0b4115946ecef35b47b323X.jpg,1947731954-7-e93cf0bd.jpg
https://pk-live-21.slatic.net/kf/S1da22977183e48c5b5e7bc728ba69b0dw.jpg,1947731954-8-e08fcaf6.jpg
https://pk-live-21.slatic.net/kf/Sb3e424d8acf24e18b29df9efbeb19fcff.jpg,1947731954-desc1-ca608218.jpg
https://pk-live-21.slatic.net/kf/S4454424e3e824a2bb6075edfe6081c16t.jpg,1947731954-desc2-49cefec6.jpg
https://pk-live-21.slatic.net/kf/S610106d9ce2345e78651abef8119341dS.jpg,1947731954-desc3-fa633337.jpg
https://pk-live-21.slatic.net/kf/Sc7a97417499246b4a55d5df291fc11fdN.jpg,1947731954-desc4-f311c011.jpg
https://pk-live-21.slatic.net/kf/S8e5902c2c36d423095e508158a2ab2113.jpg,1947731954-desc5-7a36df31.jpg
https://pk-live-21.slatic.net/kf/S20fcc9d3b71949c491482c50056016bcQ.jpg,1951903943-1-a7346df7.jpg
https://pk-live-21.slatic.net/kf/S9ceb946c7a5842ea980b7fb08e3fe95fc.jpg,1951903943-2-aa906e19.jpg
https://pk-live-21.slatic.net/kf/Sd9409d09d28147d7be9ba200e0108029O.jpg,1951903943-3-cefc0b9e.jpg
https://pk-live-21.slatic.net/kf/S5616f804e3c948debd897ae9e7ae80bbI.jpg,1951903943-4-0da28266.jpg
https://pk-live-21.slatic.net/kf/Sc2759d38f6e24d8a99d4c4506e3f2d18O.jpg,1951903943-5-49a08e4b.jpg
https://pk-live-21.slatic.net/kf/S52a04348798943eba140cc67d6d25b3d6.jpg,1951903943-6-7e43e50e.jpg
https://pk-live-21.slatic.net/kf/S23a726939ec84e838e4e1906ae0e960b4.jpg,1951903943-7-bb164daa.jpg
https://pk-live-21.slatic.net/kf/S88fee44313c54cdfa85f4ee7636d71a7v.jpg,1951903943-desc1-e3403adf.jpg
https://pk-live-21.slatic.net/kf/S202cf89a477c4b0f9c03775b62d17961e.jpg,1951903943-desc2-a25797b4.jpg
https://pk-live-21.slatic.net/kf/Sa2760bfbd2014f14b87b16d89003aedf1.jpg,1952164751-1-6c0859e7.jpg
https://pk-live-21.slatic.net/kf/S7e68d76e827645a5b97846675510cdden.jpg,1952164751-2-47b8e34a.jpg
https://pk-live-21.slatic.net/kf/Sd5cd23059a43461ba10a65cd685bdaf7O.jpg,1952164751-3-bc724d6a.jpg
https://pk-live-21.slatic.net/kf/S915fb67b3337426cbf950d3ffb62fa73y.jpg,1952164751-4-e5e59536.jpg
https://pk-live-21.slatic.net/kf/Sccde05466d0d4f9a935816ca76fa1e24g.jpg,1952164751-5-2d8d7516.jpg
https://pk-live-21.slatic.net/kf/Sec3179c8d7a247af83082d5873268406A.jpg,1952164751-6-2170d3ce.jpg
https://pk-live-21.slatic.net/kf/S3eb46f60fe6d4f4e84f90d3c1157b546X.jpg,1952164751-7-fcb81f0b.jpg
https://pk-live-21.slatic.net/kf/S0f7aec17d31c468a8a2983e80d5d9c25x.jpg,1952164751-8-5fb85ff9.jpg
https://pk-live-21.slatic.net/kf/Sa2633efa50524fcba1a0bbc481b22d4cF.jpg,1952164751-desc1-b138e484.jpg
https://pk-live-21.slatic.net/kf/Se40b2f8c451d41b29bea23ad81ef853aW.jpg,1952164751-desc2-b295f911.jpg
https://pk-live-21.slatic.net/kf/Sf1ed77edb30e47c1a9c0f86f4941be71U.jpg,1952164751-desc3-d96e2d86.jpg
https://pk-live-21.slatic.net/kf/Sce65ea1045674d43a567e1274be0d5b9n.jpg,1964764861-1-b7a846a2.jpg
https://pk-live-21.slatic.net/kf/Sfc415b35e7b746aab3ca7c8354da6ca6n.jpg,1964764861-2-1bc47001.jpg
https://pk-live-21.slatic.net/kf/Sda513540eefa459592f3fdb0fca9575bR.jpg,1964764861-3-8f3467db.jpg
https://pk-live-21.slatic.net/kf/S37627e2535b747a49a0f1a92b8b4c6can.jpg,1964764861-4-c8cabddb.jpg
https://pk-live-21.slatic.net/kf/Sa38d79ac82f344f88b6ee7fdb0e8e900j.jpg,1964764861-5-b634f336.jpg
https://pk-live-21.slatic.net/kf/S9525969d95ca46abbd263bdbe189d8f0a.jpg,1964764861-desc1-69b2cef6.jpg
https://pk-live-21.slatic.net/kf/S0854db91324a42e2af44796daa7a7689P.jpg,1964947907-1-26bedb05.jpg
https://pk-live-21.slatic.net/kf/Sbbfa52b13f404d24ada9db797553890b4.jpg,1964947907-2-1e393683.jpg
https://pk-live-21.slatic.net/kf/S2487058583524594ad1c1464c859a651G.jpg,1964947907-3-75762acf.jpg
https://pk-live-21.slatic.net/kf/S050e7436f58447bd9bcc1ae70ea1a43dS.jpg,1964947907-4-8591bfd0.jpg
https://pk-live-21.slatic.net/kf/Sa5695932b8b54eceab1b9384c7efefe00.jpg,1964947907-5-fc4c6911.jpg
https://pk-live-21.slatic.net/kf/Sc2fb17ad0e0149bc96967a910c11e5beS.jpg,1964947907-desc1-be50f8ef.jpg
https://pk-live-21.slatic.net/kf/S341636e04dea43bcab77db5e87bed7b9W.jpg,1964947907-desc2-0c0b3352.jpg
